trade_identity,pivot_at,decision_at,direction,control_outcome,control_r,executed,route,entry_at,entry_price,stop,target,outcome,resolution_at,net_r,evidence_segment
668c596078ab02e8b8ce443d2702d85fd9a0dfae3609a97b9124579e89ce1d5b,2022-05-02T08:00:00Z,2022-05-02T11:00:00Z,LONG,STOP,-1.0,False,NO_TRADE_H1_CLOSE_INVALIDATED,,,,1919.9,,,0.0,EXPOSED_HISTORICAL_REGRESSION
6e2c8a7878b89a27bdc31c340b21c1bcc51ecdc9d20154d9623e6eb628b92981,2022-05-02T16:00:00Z,2022-05-02T19:00:00Z,LONG,STOP,-1.0,False,NO_TRADE_LATER_H1_INVALIDATED,,,,1882.34,,,0.0,EXPOSED_HISTORICAL_REGRESSION
f1297efc72dbebbe80e2a5670cafc26b296ae64251e25f84814684a6ade90161,2022-05-02T18:00:00Z,2022-05-02T21:00:00Z,SHORT,TARGET,2.0034071550255894,True,INITIAL_CONFIRMATION_TARGET,2022-05-02T22:00:00Z,1860.0,1872.1,1854.47,TARGET,2022-05-03T10:07:00Z,0.45702479338843094,EXPOSED_HISTORICAL_REGRESSION
ba08d150e8bb0f51b99ba5a21c773de228db81d4a0234677d934e253e30dbc5e,2022-05-02T21:00:00Z,2022-05-03T03:00:00Z,LONG,STOP,-1.0,True,INITIAL_CONFIRMATION_STOP,2022-05-03T03:10:00Z,1865.47,1859.96,1872.1,STOP,2022-05-03T04:42:00Z,-1.0,EXPOSED_HISTORICAL_REGRESSION
88469e94aa96efd8259dd0ceecbab9f5349cf7728ca8502b280aa7a6b78fc172,2022-05-03T03:00:00Z,2022-05-03T06:00:00Z,SHORT,TARGET,2.8494623655915268,True,INITIAL_CONFIRMATION_TARGET,2022-05-03T07:45:00Z,1861.06,1867.12,1859.96,TARGET,2022-05-03T07:53:00Z,0.18151815181516814,EXPOSED_HISTORICAL_REGRESSION
4bd442c34df60480bc9ae3d4e548700b9bdece8b70d3348e59fa5b8b69c350d7,2022-05-03T04:00:00Z,2022-05-03T07:00:00Z,LONG,STOP,-1.0,False,NO_TRADE_H1_CLOSE_INVALIDATED,,,,1867.12,,,0.0,EXPOSED_HISTORICAL_REGRESSION
364e74d54eddc07b57f94c531f2c56152e12d19ecc00f61838658a17e71c8429,2022-05-03T11:00:00Z,2022-05-03T14:00:00Z,LONG,TARGET,1.0440636474908365,True,INITIAL_CONFIRMATION_TARGET,2022-05-03T14:35:00Z,1861.46,1850.42,1867.12,TARGET,2022-05-03T16:31:00Z,0.5126811594202784,EXPOSED_HISTORICAL_REGRESSION
683e3cf204f233d41063fdfa73c6a57f8a14f16099fdfbd076fcdbb06ed22a68,2022-05-03T17:00:00Z,2022-05-03T20:00:00Z,SHORT,STOP,-1.0,True,INITIAL_CONFIRMATION_STOP,2022-05-03T21:15:00Z,1867.08,1878.13,1850.42,STOP,2022-05-04T21:46:00Z,-1.0,EXPOSED_HISTORICAL_REGRESSION
d619d572e4940674ea9bf1ee69fd39ccd0daa69e4aae3546194ad1221374d5e1,2022-05-04T05:00:00Z,2022-05-04T08:00:00Z,LONG,STOP,-1.0,True,RECLAIM_CONFIRMATION_TARGET,2022-05-04T10:05:00Z,1867.93,1861.43,1878.13,TARGET,2022-05-04T21:46:00Z,1.5692307692307763,EXPOSED_HISTORICAL_REGRESSION
fa30d4f355243e28335d3609d4b28ca7196e5d23c7bd77dd87ce54222b46c08c,2022-05-04T09:00:00Z,2022-05-04T12:00:00Z,LONG,TARGET,1.3394109396914924,True,INITIAL_CONFIRMATION_TARGET,2022-05-04T13:05:00Z,1871.46,1861.45,1878.13,TARGET,2022-05-04T21:46:00Z,0.6663336663336742,EXPOSED_HISTORICAL_REGRESSION
18e79ed51cbf147c89c5460b7dbe843224d69c3f079a123a093ae1607b3a14ef,2022-05-04T11:00:00Z,2022-05-04T14:00:00Z,SHORT,STOP,-1.0,True,INITIAL_CONFIRMATION_STOP,2022-05-04T14:05:00Z,1866.84,1872.16,1861.45,STOP,2022-05-04T21:00:00Z,-1.0,EXPOSED_HISTORICAL_REGRESSION
21af747bf34b11cb1014fd35afa808b757d19e5b95e5191c7f8e6f1def09dda2,2022-05-04T16:00:00Z,2022-05-04T19:00:00Z,LONG,TARGET,0.5136690647482385,False,NO_TRADE_TARGET_BEFORE_CONFIRMATION,,,,1872.16,,,0.0,EXPOSED_HISTORICAL_REGRESSION
eef268db4bbf5d2136aaec1b81d402e40157e4cc63efefd09a863b931a3f384f,2022-05-04T16:00:00Z,2022-05-04T19:00:00Z,SHORT,STOP,-1.0,False,NO_TRADE_H1_CLOSE_INVALIDATED,,,,1861.45,,,0.0,EXPOSED_HISTORICAL_REGRESSION
86875e3a1d90d0aedb63dd553ddb36001fcc55dc32da68dc27d2a4e1f17b2598,2022-05-05T04:00:00Z,2022-05-05T07:00:00Z,SHORT,STOP,-1.0,True,INITIAL_CONFIRMATION_STOP,2022-05-05T09:00:00Z,1899.05,1903.34,1861.81,STOP,2022-05-05T15:30:00Z,-1.0,EXPOSED_HISTORICAL_REGRESSION
7ebc136269af8a05f5c8f843f50d7f6060b770e5a0afb763a638c0a4f6261dc7,2022-05-05T09:00:00Z,2022-05-05T12:00:00Z,SHORT,STOP,-1.0,False,NO_TRADE_H1_CLOSE_INVALIDATED,,,,1861.81,,,0.0,EXPOSED_HISTORICAL_REGRESSION
a07f3dec25581115a14e9ea32fa5426d9dc8265f80b7191d5dac4654cb98dd36,2022-05-05T11:00:00Z,2022-05-05T14:00:00Z,LONG,TARGET,0.850072780203758,True,INITIAL_CONFIRMATION_TARGET,2022-05-05T14:10:00Z,1900.13,1889.58,1902.29,TARGET,2022-05-05T15:18:00Z,0.20473933649287368,EXPOSED_HISTORICAL_REGRESSION
8ae0197d6c8e22d21d57447e4080bb9a0dd48086e0d50a41998bd4291f1e939f,2022-05-05T19:00:00Z,2022-05-05T22:00:00Z,LONG,STOP,-1.0,True,INITIAL_CONFIRMATION_STOP,2022-05-05T22:05:00Z,1878.01,1872.48,1909.79,STOP,2022-05-06T03:50:00Z,-1.0,EXPOSED_HISTORICAL_REGRESSION
397e00376edd008198010b38381571310fbfe8508753387a044133db1c0443c9,2022-05-06T04:00:00Z,2022-05-06T07:00:00Z,LONG,TARGET,0.36832412523019825,True,INITIAL_CONFIRMATION_TARGET,2022-05-06T08:35:00Z,1877.75,1866.12,1880.98,TARGET,2022-05-06T11:51:00Z,0.27773000859845126,EXPOSED_HISTORICAL_REGRESSION
5883a87a57a1a6a40decae1c6aee137758e6de4da1da889ec9c9071477c7eee7,2022-05-06T08:00:00Z,2022-05-06T11:00:00Z,SHORT,STOP,-1.0,False,NO_TRADE_H1_CLOSE_INVALIDATED,,,,1866.12,,,0.0,EXPOSED_HISTORICAL_REGRESSION
c13b18f54a6dac31651678ed0fb040bf0a592478f1d521fb71489fd9ed28dee4,2022-05-06T15:00:00Z,2022-05-06T18:00:00Z,SHORT,STOP,-1.0,True,RECLAIM_CONFIRMATION_TARGET,2022-05-06T20:15:00Z,1883.69,1892.56,1873.06,TARGET,2022-05-09T07:55:00Z,1.1984216459977723,EXPOSED_HISTORICAL_REGRESSION
338f100831a983a270272542e4a746beb6ca2ae9a4f4d55fcce245846fdfa3bc,2022-05-06T16:00:00Z,2022-05-06T19:00:00Z,LONG,STOP,-1.0,False,NO_TRADE_LATER_H1_INVALIDATED,,,,1890.04,,,0.0,EXPOSED_HISTORICAL_REGRESSION
db3aceeb28b41794862b314e86a755274121c9b674ae81de341dab7e60922bec,2022-05-06T18:00:00Z,2022-05-06T21:00:00Z,SHORT,TARGET,0.7659157688540557,True,INITIAL_CONFIRMATION_TARGET,2022-05-06T22:25:00Z,1881.34,1892.54,1874.51,TARGET,2022-05-09T05:43:00Z,0.6098214285714196,EXPOSED_HISTORICAL_REGRESSION
cb518a69d6363f8e0b82da0b37bd7257d79b16e96d9969e7f8de1af0b4d6b03e,2022-05-09T13:00:00Z,2022-05-09T16:00:00Z,LONG,STOP,-1.0,True,INITIAL_CONFIRMATION_STOP,2022-05-09T16:15:00Z,1869.5,1856.12,1892.54,STOP,2022-05-09T20:51:00Z,-1.0,EXPOSED_HISTORICAL_REGRESSION
953c61e69fc408b99fa8de62be615223352d0d5a8b83bb9e99f0b0ff983e1b67,2022-05-09T16:00:00Z,2022-05-09T19:00:00Z,SHORT,TARGET,0.5102840352595512,True,INITIAL_CONFIRMATION_TARGET,2022-05-09T20:25:00Z,1857.37,1871.54,1856.12,TARGET,2022-05-09T20:51:00Z,0.0882145377558217,EXPOSED_HISTORICAL_REGRESSION
6b41f7165f95ba155602ab6825c7c2283db227013e74b3c3041ccc1407958765,2022-05-10T03:00:00Z,2022-05-10T06:00:00Z,LONG,STOP,-1.0,True,INITIAL_CONFIRMATION_STOP,2022-05-10T06:55:00Z,1863.56,1852.5,1871.54,STOP,2022-05-10T17:46:00Z,-1.0,EXPOSED_HISTORICAL_REGRESSION
6d4e49d37c318ce420ca8c1a60fdf0aed1a3a28238d484a7604816377669816a,2022-05-10T09:00:00Z,2022-05-10T12:00:00Z,SHORT,TARGET,3.782287822878178,True,INITIAL_CONFIRMATION_TARGET,2022-05-10T13:00:00Z,1857.68,1865.46,1852.5,TARGET,2022-05-10T17:46:00Z,0.6658097686375426,EXPOSED_HISTORICAL_REGRESSION
5c17b544b5af6167676a28eb4c111b79c55c3019e285cb89b68156e33bf3819c,2022-05-10T13:00:00Z,2022-05-10T16:00:00Z,LONG,STOP,-1.0,True,INITIAL_CONFIRMATION_STOP,2022-05-10T16:05:00Z,1861.8,1856.28,1865.46,STOP,2022-05-10T16:46:00Z,-1.0,EXPOSED_HISTORICAL_REGRESSION
44f0a28841d9d046f5206f26c20098d9e55834637e93ccb1ac7ba2c21c89d8b9,2022-05-10T14:00:00Z,2022-05-10T17:00:00Z,SHORT,TARGET,0.10469798657717691,False,NO_TRADE_TARGET_BEFORE_CONFIRMATION,,,,1856.28,,,0.0,EXPOSED_HISTORICAL_REGRESSION
5ff8e6983805ebe2e4f61437c4c78514b9b7e05d44905a64f445009b7f1ec87d,2022-05-11T03:00:00Z,2022-05-11T06:00:00Z,LONG,STOP,-1.0,True,INITIAL_CONFIRMATION_STOP,2022-05-11T08:00:00Z,1838.97,1832.03,1864.51,STOP,2022-05-12T19:52:00Z,-1.0,EXPOSED_HISTORICAL_REGRESSION
646e16e1002eca4cbda9101187725574a69612ca2b844f3c099ffa0217542fe4,2022-05-11T05:00:00Z,2022-05-11T08:00:00Z,SHORT,STOP,-1.0,False,NO_TRADE_H1_CLOSE_INVALIDATED,,,,1832.03,,,0.0,EXPOSED_HISTORICAL_REGRESSION
80d406281b120da6ecfb9c88af63d285edf9ca367d4e4480f6ac0434fcf86dd7,2022-05-11T12:00:00Z,2022-05-11T15:00:00Z,SHORT,TARGET,3.609022556390935,True,INITIAL_CONFIRMATION_TARGET,2022-05-11T15:05:00Z,1850.51,1854.31,1835.92,TARGET,2022-05-11T15:40:00Z,3.839473684210551,EXPOSED_HISTORICAL_REGRESSION
b05271f4fcd8fd46e9120650c0af46d562abe02aefa63bb5368862678d2a6667,2022-05-11T15:00:00Z,2022-05-11T18:00:00Z,LONG,TARGET,0.19309068476248456,True,INITIAL_CONFIRMATION_TARGET,2022-05-11T18:25:00Z,1851.89,1834.97,1854.31,TARGET,2022-05-11T18:38:00Z,0.14302600472812263,EXPOSED_HISTORICAL_REGRESSION
180ad48fe046d6e9c104f557f339a863438b740b43ed414208b9e2f3666447cb,2022-05-11T16:00:00Z,2022-05-11T19:00:00Z,SHORT,STOP,-1.0,True,RECLAIM_CONFIRMATION_TARGET,2022-05-12T05:45:00Z,1853.61,1858.78,1834.97,TARGET,2022-05-12T18:45:00Z,3.6054158607349343,EXPOSED_HISTORICAL_REGRESSION
8c7b000ffafd8c59cb825cf9242b937a138b86734f55bdbc2622c06a422865a8,2022-05-11T20:00:00Z,2022-05-11T23:00:00Z,SHORT,STOP,-1.0,False,NO_TRADE_H1_CLOSE_INVALIDATED,,,,1834.97,,,0.0,EXPOSED_HISTORICAL_REGRESSION
544a07c53350e61971ea35cec0bff7c9f86c8ef2f8f2461f2353bf614859085a,2022-05-12T04:00:00Z,2022-05-12T07:00:00Z,SHORT,TARGET,3.173684210526276,True,INITIAL_CONFIRMATION_TARGET,2022-05-12T07:05:00Z,1852.94,1858.76,1834.97,TARGET,2022-05-12T18:45:00Z,3.0876288659794198,EXPOSED_HISTORICAL_REGRESSION
665666ddac2a786faf13f9ca643c5650ff12fd790c5b62260e245b91532ab8e6,2022-05-12T09:00:00Z,2022-05-12T12:00:00Z,SHORT,TARGET,1.7611510791366805,True,INITIAL_CONFIRMATION_TARGET,2022-05-12T13:55:00Z,1846.37,1854.16,1834.97,TARGET,2022-05-12T18:45:00Z,1.4634146341462881,EXPOSED_HISTORICAL_REGRESSION
5966845be5aa86c6fed50810797744621d3c4099f394a37962f2bc44eefcbce2,2022-05-12T10:00:00Z,2022-05-12T13:00:00Z,LONG,STOP,-1.0,False,NO_TRADE_H1_CLOSE_INVALIDATED,,,,1854.16,,,0.0,EXPOSED_HISTORICAL_REGRESSION
45a7125a9858952e649237b494a7193c370989db8257eff8df70b495b0ca46e9,2022-05-13T02:00:00Z,2022-05-13T05:00:00Z,LONG,STOP,-1.0,True,INITIAL_CONFIRMATION_STOP,2022-05-13T06:20:00Z,1826.22,1818.68,1849.14,STOP,2022-05-13T13:16:00Z,-1.0,EXPOSED_HISTORICAL_REGRESSION
d780cd8aa6f3bdc373e84d117829da3a7d628b8083f987280fff935527faec61,2022-05-13T10:00:00Z,2022-05-13T13:00:00Z,SHORT,TARGET,0.739279588336192,True,INITIAL_CONFIRMATION_TARGET,2022-05-13T13:05:00Z,1821.39,1828.82,1818.68,TARGET,2022-05-13T13:16:00Z,0.3647375504710762,EXPOSED_HISTORICAL_REGRESSION
ce1aaab75b36bf8a9b3489fdb37cd8980a140f2dbc40a94b6051adf39ac37a38,2022-05-13T16:00:00Z,2022-05-13T19:00:00Z,LONG,STOP,-1.0,True,RECLAIM_CONFIRMATION_TARGET,2022-05-16T15:55:00Z,1809.0,1791.39,1828.82,TARGET,2022-05-17T02:52:00Z,1.1254968767745628,EXPOSED_HISTORICAL_REGRESSION
41768df9ebf030f299389fc8552704f11d25b3eaf0bff10440bea8087a0db4c9,2022-05-13T17:00:00Z,2022-05-13T20:00:00Z,SHORT,TARGET,1.7002801120447764,True,INITIAL_CONFIRMATION_TARGET,2022-05-16T08:30:00Z,1806.89,1818.42,1799.14,TARGET,2022-05-16T10:44:00Z,0.6721595836947111,EXPOSED_HISTORICAL_REGRESSION
b1fa4fd5f12dc6ce5e16aa07227cdf779c31f4fd08e492db849085043c2c71be,2022-05-13T22:00:00Z,2022-05-16T06:00:00Z,LONG,STOP,-1.0,False,NO_TRADE_H1_CLOSE_INVALIDATED,,,,1818.42,,,0.0,EXPOSED_HISTORICAL_REGRESSION
7a513f043c14efdc2a8ef8ad55224a87b30a958e0550a37af7beff46989899ac,2022-05-16T03:00:00Z,2022-05-16T07:00:00Z,SHORT,TARGET,0.6909090909090826,True,INITIAL_CONFIRMATION_TARGET,2022-05-16T07:10:00Z,1809.44,1816.26,1806.96,TARGET,2022-05-16T08:06:00Z,0.3636363636363697,EXPOSED_HISTORICAL_REGRESSION
24db95b96179d71d69fa343375dffd1d20e92dbca5e6f3b01e244b2642db1ad9,2022-05-16T15:00:00Z,2022-05-16T18:00:00Z,LONG,TARGET,0.28571428571428115,False,NO_TRADE_TARGET_BEFORE_CONFIRMATION,,,,1816.26,,,0.0,EXPOSED_HISTORICAL_REGRESSION
b351e114fc9f9e429018502cbd43b26c5f18bedc8fe621f8402d72ad27193c80,2022-05-17T02:00:00Z,2022-05-17T05:00:00Z,SHORT,STOP,-1.0,True,INITIAL_CONFIRMATION_STOP,2022-05-17T06:10:00Z,1823.98,1829.22,1798.08,STOP,2022-05-17T09:08:00Z,-1.0,EXPOSED_HISTORICAL_REGRESSION
e65df5f67da5e7c559e4b49ce06de42d7fe46ead4632c4c40949660182c0d377,2022-05-17T04:00:00Z,2022-05-17T08:00:00Z,LONG,TARGET,3.914285714285473,True,INITIAL_CONFIRMATION_TARGET,2022-05-17T08:45:00Z,1826.23,1822.34,1829.22,TARGET,2022-05-17T09:08:00Z,0.7686375321336587,EXPOSED_HISTORICAL_REGRESSION
dc3db52c987dad6cc9877eb8f382e564b51c201b5c801a1011fde510e93c6024,2022-05-17T09:00:00Z,2022-05-17T13:00:00Z,SHORT,STOP,-1.0,True,RECLAIM_CONFIRMATION_STOP,2022-05-17T14:05:00Z,1827.14,1830.46,1822.34,STOP,2022-05-17T14:30:00Z,-1.0,EXPOSED_HISTORICAL_REGRESSION
9a55b6ab51b6580415b22e0e60d1b28ee8094fd8e90fbb2d24e7358e43fb9cdf,2022-05-17T14:00:00Z,2022-05-17T17:00:00Z,SHORT,TARGET,0.1342668863262048,False,NO_TRADE_TARGET_BEFORE_CONFIRMATION,,,,1822.34,,,0.0,EXPOSED_HISTORICAL_REGRESSION
b2c3da501923afb2a4a54e144bbfea583a3b598260caa63411f5853094c7f53f,2022-05-18T06:00:00Z,2022-05-18T09:00:00Z,LONG,TARGET,1.4766839378238843,True,INITIAL_CONFIRMATION_TARGET,2022-05-18T09:05:00Z,1812.99,1807.68,1817.24,TARGET,2022-05-18T12:31:00Z,0.8003766478342832,EXPOSED_HISTORICAL_REGRESSION
003f4ab5d5a17886d2043ad3952c408c5a5f6c5307a181f9526295a64cab3521,2022-05-18T13:00:00Z,2022-05-18T16:00:00Z,SHORT,STOP,-1.0,False,NO_TRADE_H1_CLOSE_INVALIDATED,,,,1807.68,,,0.0,EXPOSED_HISTORICAL_REGRESSION
97605838cb405c0038d515ae6178d307aecaa1faac8f9994f69d7b8821c2e569,2022-05-18T15:00:00Z,2022-05-18T18:00:00Z,LONG,TARGET,0.9276218611521403,True,INITIAL_CONFIRMATION_TARGET,2022-05-18T18:10:00Z,1816.29,1807.39,1820.44,TARGET,2022-05-18T18:37:00Z,0.466292134831478,EXPOSED_HISTORICAL_REGRESSION
e28395294a3c508c2bcf8c7bae019dad864a73421fc20a931beeba06a74a8dc6,2022-05-18T18:00:00Z,2022-05-18T21:00:00Z,SHORT,STOP,-1.0,True,INITIAL_CONFIRMATION_STOP,2022-05-19T03:05:00Z,1815.08,1824.7,1807.39,STOP,2022-05-19T12:08:00Z,-1.0,EXPOSED_HISTORICAL_REGRESSION
085843ad8d91da61691fa92f379fabe1d57f65eeb100182da1d547a991af6974,2022-05-18T22:00:00Z,2022-05-19T04:00:00Z,SHORT,STOP,-1.0,True,INITIAL_CONFIRMATION_STOP,2022-05-19T08:10:00Z,1814.19,1822.1,1807.39,STOP,2022-05-19T11:46:00Z,-1.0,EXPOSED_HISTORICAL_REGRESSION
75bb4df088e723de4416c679dff34543dc362df300333e40ea8ace99ff45d366,2022-05-19T04:00:00Z,2022-05-19T07:00:00Z,LONG,STOP,-1.0,False,NO_TRADE_H1_CLOSE_INVALIDATED,,,,1822.1,,,0.0,EXPOSED_HISTORICAL_REGRESSION
eb3e1a24a9b3542633a6cf7aa55675913caed1ee99e404bfb1dc06d77a80b2b9,2022-05-19T18:00:00Z,2022-05-19T21:00:00Z,SHORT,STOP,-1.0,True,INITIAL_CONFIRMATION_STOP,2022-05-19T22:00:00Z,1840.09,1849.18,1810.96,STOP,2022-05-20T10:04:00Z,-1.0,EXPOSED_HISTORICAL_REGRESSION
99a71cc2249006b703f16a46afc332b4994f1e3fe2c318d4268fa5f4150a89e7,2022-05-19T22:00:00Z,2022-05-20T04:00:00Z,LONG,STOP,-1.0,False,NO_TRADE_H1_CLOSE_INVALIDATED,,,,1849.18,,,0.0,EXPOSED_HISTORICAL_REGRESSION
28e6defd5b5bae8d8be5f76235fe55f86e765381c18c8833305e311c5a8851eb,2022-05-20T05:00:00Z,2022-05-20T08:00:00Z,LONG,TARGET,0.30668841761824606,True,INITIAL_CONFIRMATION_TARGET,2022-05-20T08:20:00Z,1844.04,1836.54,1844.55,TARGET,2022-05-20T08:32:00Z,0.06799999999999878,EXPOSED_HISTORICAL_REGRESSION
a46be1adf504de3b288730c1c7e342526807fb71cc6631cf1b87518e7d0d681c,2022-05-20T10:00:00Z,2022-05-20T13:00:00Z,SHORT,TARGET,4.304526748971096,True,INITIAL_CONFIRMATION_TARGET,2022-05-20T13:35:00Z,1844.87,1849.43,1836.54,TARGET,2022-05-20T16:55:00Z,1.8267543859648272,EXPOSED_HISTORICAL_REGRESSION
ddd9d8afddb969f96ad5d34d0571f52505c0759de4e583103bba6a9452cfd33a,2022-05-20T13:00:00Z,2022-05-20T16:00:00Z,SHORT,TARGET,1.0071301247772178,True,INITIAL_CONFIRMATION_TARGET,2022-05-20T16:30:00Z,1840.82,1847.8,1836.54,TARGET,2022-05-20T16:55:00Z,0.6131805157593068,EXPOSED_HISTORICAL_REGRESSION
b37ff468b385f9b87f4e1562f2724bf1209f51c2eb5ac897b199a902d4ab678b,2022-05-20T17:00:00Z,2022-05-20T20:00:00Z,LONG,TARGET,0.6852459016393525,True,INITIAL_CONFIRMATION_TARGET,2022-05-20T20:30:00Z,1844.06,1832.38,1847.8,TARGET,2022-05-23T01:02:00Z,0.32020547945206007,EXPOSED_HISTORICAL_REGRESSION
192fff1d1b18c01d761ac5457ad025ad4ec16d42a2adc1394c43a10b6a43ca03,2022-05-20T18:00:00Z,2022-05-20T21:00:00Z,SHORT,STOP,-1.0,False,NO_TRADE_LATER_H1_INVALIDATED,,,,1832.38,,,0.0,EXPOSED_HISTORICAL_REGRESSION
295edde6d22d707878bd2647c69ced758539a76e350aebc8515ae6f3cb039727,2022-05-23T03:00:00Z,2022-05-23T06:00:00Z,SHORT,STOP,-1.0,False,NO_TRADE_H1_CLOSE_INVALIDATED,,,,1832.38,,,0.0,EXPOSED_HISTORICAL_REGRESSION
e3f35d4cd5e18e286a34e05efebfca4366ba7979b47ede87b3d211b28064dc17,2022-05-23T08:00:00Z,2022-05-23T11:00:00Z,SHORT,STOP,-1.0,False,NO_TRADE_H1_CLOSE_INVALIDATED,,,,1832.38,,,0.0,EXPOSED_HISTORICAL_REGRESSION
83834151dc8953a6113665b7220f19d0380f705f4cef50e3ba97a5ab5a162d24,2022-05-23T13:00:00Z,2022-05-23T16:00:00Z,SHORT,TARGET,0.38541666666667507,True,INITIAL_CONFIRMATION_TARGET,2022-05-23T16:05:00Z,1854.36,1865.37,1852.07,TARGET,2022-05-23T18:21:00Z,0.20799273387828932,EXPOSED_HISTORICAL_REGRESSION
3aefcef13efd8695f7df0e4711283ddeebd3fb1cc60fb33c237a4cc1b55c004e,2022-05-23T20:00:00Z,2022-05-23T23:00:00Z,LONG,TARGET,2.036363636363641,True,INITIAL_CONFIRMATION_TARGET,2022-05-24T02:25:00Z,1854.96,1847.0,1865.37,TARGET,2022-05-24T16:46:00Z,1.3077889447235937,EXPOSED_HISTORICAL_REGRESSION
5f9771882243ce05b09216618c4da7fab85a0f0e2164b5dc5b492a631d491d72,2022-05-23T21:00:00Z,2022-05-24T03:00:00Z,SHORT,STOP,-1.0,True,INITIAL_CONFIRMATION_STOP,2022-05-24T03:05:00Z,1853.23,1858.75,1847.0,STOP,2022-05-24T10:57:00Z,-1.0,EXPOSED_HISTORICAL_REGRESSION
6bf2ad22e199e612efed93303e6af52e7491041e63080afaa5f26a0aa55619a2,2022-05-24T05:00:00Z,2022-05-24T08:00:00Z,LONG,TARGET,0.43074581430743636,False,NO_TRADE_TARGET_BEFORE_CONFIRMATION,,,,1858.75,,,0.0,EXPOSED_HISTORICAL_REGRESSION
9af8f9dd917d414a2c7e1122f682c06c1099777c33d1d80a1002bc2e1cd7844c,2022-05-24T07:00:00Z,2022-05-24T10:00:00Z,SHORT,STOP,-1.0,False,NO_TRADE_H1_CLOSE_INVALIDATED,,,,1849.35,,,0.0,EXPOSED_HISTORICAL_REGRESSION
81f851b8966029750ee0fd2ec0b6008c0599a44b79a23f78f1614bbbbea019c7,2022-05-24T09:00:00Z,2022-05-24T12:00:00Z,LONG,TARGET,0.14070351758796343,False,NO_TRADE_TARGET_BEFORE_CONFIRMATION,,,,1857.13,,,0.0,EXPOSED_HISTORICAL_REGRESSION
863bd2fecf0b6edcd58db31d0f689595f734abc3ebe339bc382e2c90430b5a69,2022-05-24T11:00:00Z,2022-05-24T14:00:00Z,SHORT,STOP,-1.0,False,NO_TRADE_LATER_H1_INVALIDATED,,,,1850.32,,,0.0,EXPOSED_HISTORICAL_REGRESSION
79483b14c1940827ade743afe93289e77f1bf8a6bf6157f0e3b7546958a5b267,2022-05-24T19:00:00Z,2022-05-24T22:00:00Z,SHORT,TARGET,1.9770992366412423,True,INITIAL_CONFIRMATION_TARGET,2022-05-24T22:05:00Z,1864.6,1869.7,1854.1,TARGET,2022-05-25T13:15:00Z,2.0588235294117094,EXPOSED_HISTORICAL_REGRESSION
d3ac6b4215a7ade46fff35f3bcea24468ea08007b88263ddbd3796c0ea331ff4,2022-05-24T21:00:00Z,2022-05-25T03:00:00Z,LONG,STOP,-1.0,True,INITIAL_CONFIRMATION_STOP,2022-05-25T03:05:00Z,1867.36,1862.74,1869.7,STOP,2022-05-25T04:06:00Z,-1.0,EXPOSED_HISTORICAL_REGRESSION
3094088716f6e27058184fbcd193a789178f9f4f2b429d68f3deb07c08eaa5e9,2022-05-25T18:00:00Z,2022-05-25T21:00:00Z,LONG,STOP,-1.0,True,INITIAL_CONFIRMATION_STOP,2022-05-25T21:05:00Z,1852.14,1841.99,1857.08,STOP,2022-05-26T14:24:00Z,-1.0,EXPOSED_HISTORICAL_REGRESSION
d6451d79221594b3faee16432de784e0d01c51353bb71f9d7e3b9fc1a2b5f254,2022-05-25T22:00:00Z,2022-05-26T04:00:00Z,SHORT,TARGET,2.681233933162058,True,INITIAL_CONFIRMATION_TARGET,2022-05-26T04:45:00Z,1852.2,1856.31,1841.99,TARGET,2022-05-26T14:24:00Z,2.4841849148419186,EXPOSED_HISTORICAL_REGRESSION
9de85c89fa4751a534e07fc7e18c076b2755aa8827c9d8da9e17ab449228c103,2022-05-26T08:00:00Z,2022-05-26T11:00:00Z,LONG,STOP,-1.0,True,RECLAIM_CONFIRMATION_STOP,2022-05-26T13:05:00Z,1846.8,1842.89,1856.31,STOP,2022-05-26T14:24:00Z,-1.0,EXPOSED_HISTORICAL_REGRESSION
1e7782461a752ad97e52533d339ba924009736f654f6fa537bc08a4a135bf707,2022-05-26T10:00:00Z,2022-05-26T13:00:00Z,SHORT,TARGET,0.5858585858585529,False,NO_TRADE_TARGET_BEFORE_CONFIRMATION,,,,1842.94,,,0.0,EXPOSED_HISTORICAL_REGRESSION
e203a432ce87d55b259e42c05eaa93c6a6e0bdf5ab52c81933dcca855d859c3f,2022-05-26T14:00:00Z,2022-05-26T17:00:00Z,LONG,TARGET,0.16512702078522953,True,INITIAL_CONFIRMATION_TARGET,2022-05-26T17:05:00Z,1850.74,1840.7,1850.79,TARGET,2022-05-26T17:05:00Z,0.004980079681270389,EXPOSED_HISTORICAL_REGRESSION
d40746c2952c21bf23da13d85712ffd43a80f1f79710c0fa61606af7bc4a6327,2022-05-26T17:00:00Z,2022-05-26T20:00:00Z,SHORT,STOP,-1.0,True,RECLAIM_CONFIRMATION_STOP,2022-05-26T23:05:00Z,1851.86,1853.76,1840.7,STOP,2022-05-27T02:56:00Z,-1.0,EXPOSED_HISTORICAL_REGRESSION
3b210f775b2dd14b02a6cd9d91aaedcd5d77f2bc19611383ead53fb890ac923f,2022-05-27T04:00:00Z,2022-05-27T07:00:00Z,SHORT,STOP,-1.0,True,INITIAL_CONFIRMATION_STOP,2022-05-27T08:20:00Z,1852.89,1856.44,1840.7,STOP,2022-05-27T10:15:00Z,-1.0,EXPOSED_HISTORICAL_REGRESSION
e8e9fc709682814a75f3de1c72af987d9addc6665c70ad1e3500b52818790181,2022-05-27T11:00:00Z,2022-05-27T14:00:00Z,SHORT,STOP,-1.0,True,INITIAL_CONFIRMATION_STOP,2022-05-27T14:05:00Z,1857.74,1860.48,1851.98,STOP,2022-05-27T15:03:00Z,-1.0,EXPOSED_HISTORICAL_REGRESSION
bc1f0c8de00f897cf78b5d1e54a06196dfaf16e38827590aeff0f7568fb289a7,2022-05-27T15:00:00Z,2022-05-27T18:00:00Z,SHORT,TARGET,0.4269340974212049,False,NO_TRADE_TARGET_BEFORE_CONFIRMATION,,,,1851.98,,,0.0,EXPOSED_HISTORICAL_REGRESSION
c9f55c0ab064e67ac3d0f6eb09960ff5a5f0164f8701fb622af8d64c4a1423b9,2022-05-27T15:00:00Z,2022-05-27T18:00:00Z,LONG,STOP,-1.0,False,NO_TRADE_H1_CLOSE_INVALIDATED,,,,1860.48,,,0.0,EXPOSED_HISTORICAL_REGRESSION
a14795de2be86c7cbcc3f5609d3ab639dbc0b0eb9ab5032f93c47577aed94e40,2022-05-27T18:00:00Z,2022-05-27T21:00:00Z,LONG,STOP,-1.0,True,INITIAL_CONFIRMATION_STOP,2022-05-27T22:20:00Z,1854.83,1851.09,1861.94,STOP,2022-05-30T01:55:00Z,-1.0,EXPOSED_HISTORICAL_REGRESSION
25b6abda806698ec9b30479582e3c3334f0427ff38c5bf2c6f51db31d69a45ef,2022-05-30T09:00:00Z,2022-05-30T12:00:00Z,SHORT,TARGET,2.138888888888899,True,INITIAL_CONFIRMATION_TARGET,2022-05-30T13:30:00Z,1855.68,1864.0,1848.18,TARGET,2022-05-31T03:30:00Z,0.9014423076923146,EXPOSED_HISTORICAL_REGRESSION
babff86891425456479bc8dda9a863e3747faf0245a03be8a2b8be774e4f241c,2022-05-30T15:00:00Z,2022-05-30T18:00:00Z,LONG,STOP,-1.0,True,RECLAIM_CONFIRMATION_STOP,2022-05-31T01:10:00Z,1856.24,1853.44,1864.0,STOP,2022-05-31T02:16:00Z,-1.0,EXPOSED_HISTORICAL_REGRESSION
c1d064e6e3f1b3829c14dffbdbad860babd6b6625cff8f8f176289b9523139d6,2022-05-30T16:00:00Z,2022-05-30T19:00:00Z,SHORT,TARGET,0.29291044776118763,True,INITIAL_CONFIRMATION_TARGET,2022-05-30T19:05:00Z,1855.86,1861.06,1854.13,TARGET,2022-05-30T20:59:00Z,0.33269230769226454,EXPOSED_HISTORICAL_REGRESSION
10c66693dd809128d47e627c1eb387c9b42d08b26878a0c98134eb5b4830f72d,2022-05-31T04:00:00Z,2022-05-31T07:00:00Z,LONG,STOP,-1.0,True,INITIAL_CONFIRMATION_STOP,2022-05-31T08:35:00Z,1853.51,1846.03,1861.06,STOP,2022-05-31T14:56:00Z,-1.0,EXPOSED_HISTORICAL_REGRESSION
18ef834b80e19ff360f9cdd14407d4aeb6e9beb03d654e1b5ed65ce00ee50108,2022-05-31T11:00:00Z,2022-05-31T14:00:00Z,SHORT,TARGET,0.39824120603015806,True,INITIAL_CONFIRMATION_TARGET,2022-05-31T14:55:00Z,1847.3,1857.16,1846.03,TARGET,2022-05-31T14:56:00Z,0.12880324543610197,EXPOSED_HISTORICAL_REGRESSION
fd52cc3c75c69dd0576f42172bbb6070eb5d7807fabc996b571b2e67a3d4963e,2022-05-31T14:00:00Z,2022-05-31T17:00:00Z,LONG,STOP,-1.0,False,NO_TRADE_LATER_H1_INVALIDATED,,,,1857.16,,,0.0,EXPOSED_HISTORICAL_REGRESSION
f650cda9d0e774c17a62b9a3966b3a8b7d5fbab1695ae8e230302207479d8f39,2022-05-31T17:00:00Z,2022-05-31T20:00:00Z,LONG,STOP,-1.0,True,INITIAL_CONFIRMATION_STOP,2022-05-31T20:05:00Z,1845.04,1839.96,1855.4,STOP,2022-05-31T21:55:00Z,-1.0,EXPOSED_HISTORICAL_REGRESSION
