trade_identity,decision_at,direction,baseline_outcome,baseline_r,route,initial_control_identity,initial_confirmation_at,addition_entry_at,h1_review_at,recovery_entry_at,recovery_stop,recovery_outcome,recovery_resolution_at,probe_r,addition_r,recovery_r,net_r,delta_vs_control_r
e3b8a417cd4ef07c3eedba64d8363533c64c1ccbd583bbc9c2979ffe4e938e07,2022-01-03T06:00:00Z,SHORT,TARGET,1.8147512864494098,CONFIRMED_ADDITION_TARGET,867cbacbaa246be51425d8746a4e9592280ce6f35bc8b7b43dda0377d28e2e79,2022-01-03T08:30:00Z,2022-01-03T08:30:00Z,,,,,,0.45368782161235244,0.8672798948751711,0.0,1.3209677164875235,-0.4937835699618862
e4aed2033c455a39ce3c38d1e453a0b12b4cb059cb5bc02034327564c163e633,2022-01-03T12:00:00Z,LONG,STOP,-1.0,CONFIRMED_ADDITION_STOP,cca5265407d7d042cd2b77621341bdddd86754d8d863cd66bbbd4494584617d8,2022-01-03T12:05:00Z,2022-01-03T12:05:00Z,,,,,,-0.25,-0.75,0.0,-1.0,0.0
ae79d7d3b953d8d4ebe58b5f7073714cfb89866613046ed0d01ff6085efaf4bc,2022-01-03T15:00:00Z,SHORT,TARGET,0.1005110732538597,PROBE_ONLY_TARGET,56559ae1de595d539bf5127269676e44b913077bf415451f5a6fad829ebe143b,,,,,,,,0.025127768313464926,0.0,0.0,0.025127768313464926,-0.07538330494039477
e4a9768059cfcc0d5f1d129d5526fd65ad9701216a08974148c4603fabb42c81,2022-01-03T21:00:00Z,LONG,TARGET,7.62130177514768,CONFIRMED_ADDITION_TARGET,61e90a04be863a7ca7f0d59f0205dfdd1bfdb0631d891839f4e209d529065fbc,2022-01-03T21:35:00Z,2022-01-03T21:35:00Z,,,,,,1.90532544378692,4.541767554479297,0.0,6.447092998266218,-1.1742087768814624
b45e753fe20e30be2d0967d6cb0229d32e23d2a06b03a962f709fd2430cfa5e1,2022-01-04T07:00:00Z,SHORT,STOP,-1.0,RECOVERY_STOP,524ef8132daf2769c0edb6b37b46389c32daf0a6196b0c5b3299171441ac793f,,,2022-01-04T10:00:00Z,2022-01-04T10:50:00Z,1807.45,STOP,2022-01-04T12:30:00Z,-0.25,0.0,-0.75,-1.0,0.0
2e8126e083f0d0e2a0d5766c73b1fb8979b35273cbe35b1c88b39c91cb413948,2022-01-04T09:00:00Z,LONG,TARGET,13.107142857143582,CONFIRMED_ADDITION_TARGET,069f56fd1366e2c26caa75a7be4fad91aba2efc4b51fe4ce596aece12a4afcd2,2022-01-04T09:25:00Z,2022-01-04T09:25:00Z,,,,,,3.2767857142858956,0.2858391608391494,0.0,3.562624875125045,-9.544517982018537
5df1e8045b754fa97616caae2d5883a51002a87356163726a7fe2fbcfbe609bb,2022-01-04T12:00:00Z,SHORT,STOP,-1.0,RECOVERY_TARGET,f34effca78d3b737645bbc9e86c371a080e2f0910d80c7dbdf741b7e140dce81,,,2022-01-04T13:00:00Z,2022-01-04T13:05:00Z,1808.68,TARGET,2022-01-04T13:26:00Z,-0.25,0.0,0.4075630252100291,0.15756302521002907,1.157563025210029
6e30a56fa9dc609a99a402b5fa54cae19d55c713f3fc4553ca6dcce20456f2db,2022-01-04T14:00:00Z,LONG,STOP,-1.0,PROBE_STOP_H1_CLOSE_INVALIDATED,d2904813f96e65586b78e8c32ea934dea54ca6540ab5944bb6270608d9f2a7ef,,,2022-01-04T15:00:00Z,,,,,-0.25,0.0,0.0,-0.25,0.75
b4a76a9e2c4aa0806dac410d6f74ad8ddb350e39ee0ed18cbf31c3c92a19c00e,2022-01-04T20:00:00Z,SHORT,STOP,-1.0,RECOVERY_STOP,71dc2bfef73f71e0ba63bc3f047f5e6157374c1a05b38fcd322f79149dd88690,,,2022-01-05T09:00:00Z,2022-01-05T09:05:00Z,1817.08,STOP,2022-01-05T10:21:00Z,-0.25,0.0,-0.75,-1.0,0.0
8f01e4a3b8de0e0c4261e1881e58e84afd1397c6354de55f1783dab29386cffd,2022-01-05T04:00:00Z,SHORT,STOP,-1.0,PROBE_STOP_H1_CLOSE_INVALIDATED,aa7bb9a8e24b4832cb3c0b9e8219dbd61d8b1b5e9c261f3c28d1b21afc8eaa88,,,2022-01-05T05:00:00Z,,,,,-0.25,0.0,0.0,-0.25,0.75
0523563be63990e8c8bba94205f8b17bdec3a44f5d4ba01f39e2c374ce94a1c3,2022-01-05T19:00:00Z,SHORT,TARGET,1.5883392226148196,CONFIRMED_ADDITION_TARGET,72e1ad47fb6704068a2da4a2992c81799863d5375ae360d8e09ac2316de8899f,2022-01-05T21:05:00Z,2022-01-05T21:05:00Z,,,,,,0.3970848056537049,0.4005235602094094,0.0,0.7976083658631143,-0.7907308567517053
148d27a23eb88ad8a3c86fea4dce488e82a85bca9fc1b8c016ccf8361b368f61,2022-01-06T14:00:00Z,LONG,STOP,-1.0,CONFIRMED_ADDITION_STOP,b9518493cec76a65031063b088f14f0ae2ffd830c1eb95e795bf92084eda4472,2022-01-06T14:10:00Z,2022-01-06T14:10:00Z,,,,,,-0.25,-0.75,0.0,-1.0,0.0
cddbc709ba960a810ef97d1bd8876c6216dd5b936747e276632ab7a9e778ae16,2022-01-06T18:00:00Z,LONG,STOP,-1.0,CONFIRMED_ADDITION_STOP,454083a054764b6c29629ace04ef21dac21c9fbcaa4f5f8619adf56efcac5b91,2022-01-06T18:15:00Z,2022-01-06T18:15:00Z,,,,,,-0.25,-0.75,0.0,-1.0,0.0
a5c8d208b47186af7a17a9d1af8f45c9419ea81024e008f088547e72dd321b15,2022-01-07T03:00:00Z,LONG,STOP,-1.0,CONFIRMED_ADDITION_STOP,e63a0592534d2d7d0c35ee018dc10a140a6370f2f5e552c9a8c555de3c09e7c4,2022-01-07T05:25:00Z,2022-01-07T05:25:00Z,,,,,,-0.25,-0.75,0.0,-1.0,0.0
9f761997001c9b43515f4209086a7bb6eb81f44450110b35bd48b25bc6d3fa6a,2022-01-07T05:00:00Z,SHORT,STOP,-1.0,PROBE_STOP_H1_CLOSE_INVALIDATED,b4df9b6069fc28138a5a75c219b590870888abcf9f8ed936fe1f0f9156926d27,,,2022-01-07T06:00:00Z,,,,,-0.25,0.0,0.0,-0.25,0.75
e92179a491f06a66af12c8bd00a681aea84309562adb60b0adecab919e9bb30f,2022-01-07T09:00:00Z,SHORT,STOP,-1.0,CONFIRMED_ADDITION_STOP,8cd5608e28d2da37daceb2c49fd01eeac2686ffdec203948e3715f921d28c9ae,2022-01-07T09:50:00Z,2022-01-07T09:50:00Z,,,,,,-0.25,-0.75,0.0,-1.0,0.0
985e9d8db7fb74a41f0da3a4b19a5e57584c5c06731e02d77c81c88c3f343a3a,2022-01-07T13:00:00Z,LONG,TARGET,0.5530085959885555,CONFIRMED_ADDITION_TARGET,3362b5d0572601b0fc60fc46d96c1996924be85d0062f81144215993b7b11c58,2022-01-07T13:50:00Z,2022-01-07T13:50:00Z,,,,,,0.13825214899713886,0.08641975308640906,0.0,0.22467190208354793,-0.3283366939050075
a5c0457f0ad9151870522cb4a2a83294b309efa69fc53fa9589c468dd4d6001d,2022-01-07T15:00:00Z,SHORT,STOP,-1.0,CONFIRMED_ADDITION_STOP,6bad930a89a503945ec61b90fc509b1c57ac9af80f6f68932e8e884ed7e32a5c,2022-01-07T15:05:00Z,2022-01-07T15:05:00Z,,,,,,-0.25,-0.75,0.0,-1.0,0.0
b9a522abd70cd8be08d82c2da99181f352beac93d5bd42d6aed80ab2c27aed08,2022-01-07T18:00:00Z,SHORT,STOP,-1.0,PROBE_STOP_LATER_H1_INVALIDATED,a6fb1a4369705fc0d95b57971b940c2c9cbdcb8583637f53e51e2e11d516c605,,,2022-01-07T20:00:00Z,,,,,-0.25,0.0,0.0,-0.25,0.75
c02d2d80f019b90aaf0e688e06a4c206a38191c0d0f46acf26728f6231dc4672,2022-01-07T18:00:00Z,LONG,TARGET,0.7016491754123196,PROBE_ONLY_TARGET,e9bc1080f9c0dbf95b274be033055041644be528b939fdefcbe0456fad55f919,,,,,,,,0.1754122938530799,0.0,0.0,0.1754122938530799,-0.5262368815592398
4ed129f77bb2821ababa725123ba3bf3311950af56855013e0a4f9c5e7d3c818,2022-01-07T23:00:00Z,SHORT,STOP,-1.0,CONFIRMED_ADDITION_STOP,1f4be2c2dcfe48d60c716ea8d45e5a0e476b89c70399cadce53132bc7d3af102,2022-01-07T23:05:00Z,2022-01-07T23:05:00Z,,,,,,-0.25,-0.75,0.0,-1.0,0.0
162bab9b216116fdf41d2d8b35e0b52b29f56f8e4e9308f59c1a44a0cacd9587,2022-01-10T05:00:00Z,LONG,STOP,-1.0,PROBE_STOP_H1_CLOSE_INVALIDATED,df1f27971ce5ce7a9e6844afdc492cfcaf04db86470a1847da22ccd0ad293894,,,2022-01-10T06:00:00Z,,,,,-0.25,0.0,0.0,-0.25,0.75
db6ffb9f99732bba378f1223174dd57f7c1618cfb99f9a5d030489627486b5e8,2022-01-10T12:00:00Z,LONG,TARGET,0.3369763205829023,CONFIRMED_ADDITION_TARGET,258b7d305991293c32aa0e2b4fe0d7b5dc5e116a3eae887ae79bee7881b029b7,2022-01-10T12:05:00Z,2022-01-10T12:05:00Z,,,,,,0.08424408014572557,0.18941979522184121,0.0,0.27366387536756676,-0.06331244521533552
05332d4260764da3395042eed63a72b0ac2b460a53cc1e7ffae9956f89eb0a38,2022-01-10T16:00:00Z,SHORT,TARGET,0.17647058823530556,PROBE_ONLY_TARGET,d785bd4542115fc73ffe820af4378dd5f6335d614d555dd866b73ef21f03a679,,,,,,,,0.04411764705882639,0.0,0.0,0.04411764705882639,-0.13235294117647917
353f0b9da9ee5c6504fb1b2430a2eb2019dc8c6d1c2de6f9b7fd7e4facba6675,2022-01-10T19:00:00Z,LONG,TARGET,2.312154696132491,CONFIRMED_ADDITION_TARGET,708469d0f81429c8709ed6e9b8018043bc234904c865f4314facad23c9d70a34,2022-01-10T19:35:00Z,2022-01-10T19:35:00Z,,,,,,0.5780386740331227,0.766441821247877,0.0,1.3444804952809997,-0.9676742008514911
d4e6995ba337e7a70623e21c6502ee8d7f1fca7ac5d59cc07f6c346592a7e796,2022-01-11T14:00:00Z,SHORT,STOP,-1.0,CONFIRMED_ADDITION_STOP,9fb57aa62d68c4987faaa70f2c852aa3dce4090040e892926764dbc9a3ff89f3,2022-01-11T16:05:00Z,2022-01-11T16:05:00Z,,,,,,-0.25,-0.75,0.0,-1.0,0.0
144f9fde44460dd32c7126bbc60f7391f23b1c752d1b4fe995cb99e81828d032,2022-01-11T16:00:00Z,LONG,STOP,-1.0,RECOVERY_TARGET,d44e616c64434a6e4db2333f91bb2ab30d68f27842ab73fb8755e155a93e6891,,,2022-01-11T17:00:00Z,2022-01-11T17:05:00Z,1801.78,TARGET,2022-01-11T17:58:00Z,-0.25,0.0,0.3061983471074437,0.0561983471074437,1.0561983471074436
25791703e5e1175a30f1c4d69e7a7ea54ad8de40a239b5362f22f6b79134a1e1,2022-01-12T04:00:00Z,SHORT,STOP,-1.0,CONFIRMED_ADDITION_STOP,6d499f6f5f13372c5822f70334af9ce4f1e3b11d0008790054a9ff94342fc5b0,2022-01-12T05:55:00Z,2022-01-12T05:55:00Z,,,,,,-0.25,-0.75,0.0,-1.0,0.0
b8000d62719176f83b86d125cc59ad1208fc78f336433a22af7130e5c8a4821c,2022-01-12T09:00:00Z,LONG,STOP,-1.0,PROBE_STOP_H1_CLOSE_INVALIDATED,f19876c730312731b4804428c95188cc4a0c1a8088845d6030768635d722c4b4,,,2022-01-12T10:00:00Z,,,,,-0.25,0.0,0.0,-0.25,0.75
c1d20f7073c73a432e6afd9087d428e44646edbf21ea4b4efe76f718a9c3c2d7,2022-01-12T13:00:00Z,LONG,TARGET,1.4890510948904794,CONFIRMED_ADDITION_TARGET,f55181f6396f3d843a97e19af7d622e651dcb111f6320859abbe9c3188b88f74,2022-01-12T13:30:00Z,2022-01-12T13:30:00Z,,,,,,0.37226277372261984,0.7456140350876735,0.0,1.1178768088102933,-0.3711742860801861
bf7198a356262b4c6a5d9219d1e23dc22f53b51ef39d4cbab12c9b141039f4e2,2022-01-12T18:00:00Z,SHORT,STOP,-1.0,CONFIRMED_ADDITION_STOP,7ddd4c562026eee0ea146519c6d376c3f647346de131ac8080c4df08c6f7bff5,2022-01-12T18:20:00Z,2022-01-12T18:20:00Z,,,,,,-0.25,-0.75,0.0,-1.0,0.0
db2d5946ef0109da4f32e4b40840a14f4703e7437dafe739724992ed2079b665,2022-01-13T04:00:00Z,SHORT,STOP,-1.0,CONFIRMED_ADDITION_STOP,e50a00309278052c6c36df2ecf30f2e2e3be771005bf693155157f670faa0c4b,2022-01-13T04:10:00Z,2022-01-13T04:10:00Z,,,,,,-0.25,-0.75,0.0,-1.0,0.0
c3d51d422d5d97e4b7801b003c24480938837e0443b5084141dce0cf366fe1ba,2022-01-13T07:00:00Z,LONG,TARGET,1.0101010101010008,CONFIRMED_ADDITION_TARGET,1e4f5c65c4c5c8b6e1b639dda7e7e1bb2d75e1b6f2cf66016cfab104eaf09ba5,2022-01-13T07:15:00Z,2022-01-13T07:15:00Z,,,,,,0.2525252525252502,0.29006968641111175,0.0,0.542594938936362,-0.4675060711646388
35d199fe8ed45e3ce5c46bcd52c2f3a6dd138084cf38d2df67d40c907a06becd,2022-01-13T10:00:00Z,SHORT,TARGET,1.7350993377484332,PROBE_ONLY_TARGET,d49c9de2aa9289487b89e54ba9a02b7945ddd76601beff8de864396490be10e2,,,,,,,,0.4337748344371083,0.0,0.0,0.4337748344371083,-1.3013245033113248
8b905bfc8a795fa28807cba4389de03ad4846cef1ba6fbdb05c6c81efaebb85a,2022-01-13T14:00:00Z,LONG,STOP,-1.0,CONFIRMED_ADDITION_STOP,e40054ecc8b847acc2b6bcf2f79855d5e366041100024d6e5ec05ab12abeaba4,2022-01-13T14:25:00Z,2022-01-13T14:25:00Z,,,,,,-0.25,-0.75,0.0,-1.0,0.0
44a31d5a88f4c7f6c1a399de697617f3da7aa36d391e2d3ee13afd0eab08efb5,2022-01-13T21:00:00Z,LONG,TARGET,0.6691086691086668,CONFIRMED_ADDITION_TARGET,d9d24e7ff4e4ffb35c9238041038907f88b88f7691dffbbb2cb12b12a6eb3d54,2022-01-13T22:10:00Z,2022-01-13T22:10:00Z,,,,,,0.1672771672771667,0.28560606060605664,0.0,0.4528832278832233,-0.21622544122544352
5b79dc53745f01a72a7aad4c1ad36cefd4932f2ebb01c484c464bea0c8a25ba7,2022-01-14T05:00:00Z,LONG,TARGET,0.14183123877916345,PROBE_ONLY_TARGET,773cac16308345e925bec77c3b3c96c64032d34b243723c42d60e56f7fe55cf1,,,,,,,,0.035457809694790864,0.0,0.0,0.035457809694790864,-0.10637342908437258
6a1dda3c49a98d29fc0927c67a5c43888197991df54b4696d5470129fa8697d1,2022-01-14T13:00:00Z,SHORT,TARGET,0.7266187050360127,CONFIRMED_ADDITION_TARGET,615b25ab987178571a4e646249aaa68800c9e15b1017bd574bb2b38934a839f4,2022-01-14T13:15:00Z,2022-01-14T13:15:00Z,,,,,,0.18165467625900317,0.2904624277456686,0.0,0.4721171040046718,-0.2545016010313409
3cdb71a6acb9b39b2c718f756165c8ec42ce6b750a776a56f668012b78b55e7e,2022-01-14T18:00:00Z,SHORT,TARGET,0.23565891472872125,CONFIRMED_ADDITION_TARGET,0596c56f10e9c9cd2385bcf061975b76aee64e384ab19dcd2218222bf5043b1c,2022-01-14T18:20:00Z,2022-01-14T18:20:00Z,,,,,,0.05891472868218031,0.13950892857142802,0.0,0.19842365725360833,-0.037235257475112915
48fb1b3673e435307bd583c9015ecc69976f22e02aac98f81c60c21e77c927b6,2022-01-14T23:00:00Z,LONG,STOP,-1.0,CONFIRMED_ADDITION_STOP,fa1e25101995c2d2b5e956722038cb4ded8615156d2abf040a4080b7613420f8,2022-01-17T01:25:00Z,2022-01-17T01:25:00Z,,,,,,-0.25,-0.75,0.0,-1.0,0.0
cf457d1ba9e05bd4398dc92ba8d87e37beaa369cf545e2c556beb24bfd425a0a,2022-01-17T06:00:00Z,LONG,STOP,-1.0,CONFIRMED_ADDITION_STOP,d615aadf584305678041ff21cba1a8db9835808293586f8930b669b7148d2e3f,2022-01-17T06:05:00Z,2022-01-17T06:05:00Z,,,,,,-0.25,-0.75,0.0,-1.0,0.0
0c8ca64d0c8b3fe7af90fdbf0833270f57fded083ff204bed4bb5fe15d12d778,2022-01-17T13:00:00Z,SHORT,TARGET,3.3318965517239105,CONFIRMED_ADDITION_TARGET,d897a4151d9d4522759578ec666cc481aea4773caeb5a32beeb91c6076f3d98d,2022-01-17T14:20:00Z,2022-01-17T14:20:00Z,,,,,,0.8329741379309776,1.4035714285714675,0.0,2.2365455665024454,-1.0953509852214651
3ea872df9bf0d40ff30cad9c24487b2d774e48ec44ccd347bfc64456daa4550d,2022-01-17T19:00:00Z,SHORT,STOP,-1.0,CONFIRMED_ADDITION_STOP,fdc105cb25fb202c688f34fdb9029e17016284355951658c591d23650cd3690f,2022-01-17T20:55:00Z,2022-01-17T20:55:00Z,,,,,,-0.25,-0.75,0.0,-1.0,0.0
08aa24c565629cc0fa794c96bf4d4f23fdb903a93ccf1cc4481753b7807db656,2022-01-17T20:00:00Z,LONG,TARGET,1.3937500000000906,CONFIRMED_ADDITION_TARGET,e66be67203df060715217a81dbbda0a9a44641c4e757208d3aa1614da190c530,2022-01-18T02:45:00Z,2022-01-18T02:45:00Z,,,,,,0.34843750000002266,0.4082661290322276,0.0,0.7567036290322502,-0.6370463709678404
9825701365013fa0ac3a79e1d0ee287099d99eafdcae24fa8c625fa3a1485dd8,2022-01-18T08:00:00Z,LONG,STOP,-1.0,PROBE_STOP_LATER_H1_INVALIDATED,dfef194d05cc1ff42d513afc323619667c964a55b3365394964ed14de82edfec,,,2022-01-18T10:00:00Z,,,,,-0.25,0.0,0.0,-0.25,0.75
43f05b12b5059e03a06c8bc6227a8ac20c30d2a4255666bf4fc5f5741d4dfd0f,2022-01-18T14:00:00Z,LONG,STOP,-1.0,CONFIRMED_ADDITION_STOP,1d6c97e1c6927d634627d6a1ae9533632428a2c683faddb41c548053b529db02,2022-01-18T14:30:00Z,2022-01-18T14:30:00Z,,,,,,-0.25,-0.75,0.0,-1.0,0.0
116fa2efc3541a2d1443896be6e01e5502cf7192b39d2f69cab2f3f20591e088,2022-01-18T18:00:00Z,LONG,TARGET,0.20184135977336298,CONFIRMED_ADDITION_TARGET,2556f4830ef541b684343e3e078bd1f4f7c5c161f6658806abdfe4286c33f02a,2022-01-19T13:45:00Z,2022-01-19T13:45:00Z,,,,,,0.050460339943340746,0.1597569692637607,0.0,0.21021730920710147,0.008375949433738483
f709bb85cb7d4f6a7a9808356bb41a13c0dfce6790a90a2350e1565267ecfa3a,2022-01-18T20:00:00Z,SHORT,STOP,-1.0,CONFIRMED_ADDITION_STOP,2bdaff5feac83c33a41899ba4877f5b03b57b3634b9ee81991d72393a25ec286,2022-01-19T05:10:00Z,2022-01-19T05:10:00Z,,,,,,-0.25,-0.75,0.0,-1.0,0.0
34833e70a51fc18a2a049138b3230da65db36302a63cff2ca5eb2f5d0ab1b2c8,2022-01-18T23:00:00Z,LONG,STOP,-1.0,RECOVERY_TARGET,f6079e3c024ef37ff01378073cda45651b06a07cbd967e1fb44f18d2208aff39,,,2022-01-19T06:00:00Z,2022-01-19T07:35:00Z,1810.26,TARGET,2022-01-19T15:20:00Z,-0.25,0.0,1.356837606837591,1.106837606837591,2.106837606837591
28b2c3ec422fa61b4ee1437801b0ca8e8fc35c055cde693f851751538dccec4e,2022-01-19T03:00:00Z,SHORT,TARGET,1.142276422764281,CONFIRMED_ADDITION_TARGET,d64896740b7abb36fdfa3fe7cd314532a3964027d1f7865d50047cb94a421c24,2022-01-19T03:30:00Z,2022-01-19T03:30:00Z,,,,,,0.28556910569107025,0.4333832335329295,0.0,0.7189523392239998,-0.42332408354028117
0e66b8c1855fdafc71865365ba8bc103198976c0173f56282a555e3d1005d1fc,2022-01-19T08:00:00Z,LONG,TARGET,0.7641509433962311,CONFIRMED_ADDITION_TARGET,fca036895c879b8fdd484ddfc6183c6dc024817bfe1693768ad93f41bfc063cd,2022-01-19T08:25:00Z,2022-01-19T08:25:00Z,,,,,,0.19103773584905778,0.2837837837838234,0.0,0.4748215196328812,-0.2893294237633499
6c4813d1c5c3ccbfb6b099a84b4ebc8e4967ac108e4bd57805db0cb93a7f71e5,2022-01-20T06:00:00Z,SHORT,TARGET,0.38181818181820815,CONFIRMED_ADDITION_TARGET,93b15256dda9ce919af70ffb5b7f7625ea8cdc276b5d5abf85e2169f29a21f07,2022-01-20T06:05:00Z,2022-01-20T06:05:00Z,,,,,,0.09545454545455204,0.1882716049382797,0.0,0.2837261503928318,-0.09809203142537637
0f553ed3f718796685f22f8a35b8a2d1534519cb6f52fe8411d91dd38db84ed5,2022-01-20T10:00:00Z,LONG,STOP,-1.0,PROBE_STOP_LATER_H1_INVALIDATED,28dea2cfc7d8e9c459c3a36a4d354f0f9485c79d82250c905fbb298589a592b2,,,2022-01-20T11:00:00Z,,,,,-0.25,0.0,0.0,-0.25,0.75
066044f05fcd1dc7a3ded807063e588f00a60a11ced9dc599ea1a7e420d698b0,2022-01-20T20:00:00Z,SHORT,TARGET,1.1864716636197399,CONFIRMED_ADDITION_TARGET,06a6b3ba8a536cf12a06eca70c6c75392e6b250b70490c76e5fe210d0f491771,2022-01-20T20:05:00Z,2022-01-20T20:05:00Z,,,,,,0.29661791590493497,0.7014563106796011,0.0,0.9980742265845362,-0.18839743703520373
0f32b854034e8f82fa737fb9158d14deeaade1e340e6e7ac52a78489d2ec3ca3,2022-01-20T21:00:00Z,LONG,STOP,-1.0,PROBE_STOP_H1_CLOSE_INVALIDATED,ad14c3c139925ce9ea567931a2638d602fa1ce1dcda09c79073aaee73ed0e6c4,,,2022-01-20T23:00:00Z,,,,,-0.25,0.0,0.0,-0.25,0.75
1dfed6b407f731e048c59b0728266374ef21111e998906b977767187231d8eaf,2022-01-21T06:00:00Z,LONG,STOP,-1.0,CONFIRMED_ADDITION_STOP,d34130e946153cbf555bca31a22cb0c821e2397a5bec27f0d55ed51537f726f8,2022-01-21T09:10:00Z,2022-01-21T09:10:00Z,,,,,,-0.25,-0.75,0.0,-1.0,0.0
da7d38ffae40fff5bc6db5a03398be335fc507d5443bfbb71c274834edfff026,2022-01-21T13:00:00Z,LONG,TARGET,1.5877034358047046,CONFIRMED_ADDITION_TARGET,d7138495e7bd7e0160e64c39155f159b9ba9254f0165d444f8f4eb30409069de,2022-01-21T14:30:00Z,2022-01-21T14:30:00Z,,,,,,0.39692585895117616,0.6068268015170478,0.0,1.003752660468224,-0.5839507753364805
837736e4b090881b14ef8e3955bdae5632ad6fbd0302f240014a2d1d03913def,2022-01-21T17:00:00Z,LONG,STOP,-1.0,RECOVERY_TARGET,3ff3f5c663101ed027a8108faa1817e5136ff4db548203bfc9d795436df2fafb,,,2022-01-21T21:00:00Z,2022-01-21T23:35:00Z,1828.52,TARGET,2022-01-24T11:10:00Z,-0.25,0.0,1.435714285714241,1.185714285714241,2.185714285714241
e2f31ce8acdef576c4c6adaece8bf01e9146272164928056ad764d3615861eaa,2022-01-21T19:00:00Z,SHORT,TARGET,0.4816176470587986,CONFIRMED_ADDITION_TARGET,7bfaf93c9d0d03b0441cff066b21af6a57a443ec653537de509fa45c5b73cf0e,2022-01-21T20:05:00Z,2022-01-21T20:05:00Z,,,,,,0.12040441176469965,0.044001751313474675,0.0,0.16440616307817432,-0.31721148398062426
5edd76b527f97255d413c485249752f5d39a42aad5718a18e01f661176b2043a,2022-01-24T04:00:00Z,LONG,TARGET,0.9165580182529213,CONFIRMED_ADDITION_TARGET,98868e1d2f43cf89a089548b2afd3761c8db144563354bf041d2032343abeb8c,2022-01-24T04:05:00Z,2022-01-24T04:05:00Z,,,,,,0.22913950456323032,0.6060885608855948,0.0,0.8352280654488251,-0.08132995280409616
7756761b86cfe59cc44e3607ea957ce45fed5b28f65fbdea7bbe76069ebf517b,2022-01-24T10:00:00Z,SHORT,STOP,-1.0,PROBE_STOP_H1_CLOSE_INVALIDATED,e8ae8948415e4e5bf6db56247314bd91b9805de49c48cc60dede13e44c841ac2,,,2022-01-24T11:00:00Z,,,,,-0.25,0.0,0.0,-0.25,0.75
a4b7c0d9438f7b1ef4e434be1e1680ed03a1681d7d906f2b8a6f8022a415330c,2022-01-24T14:00:00Z,SHORT,TARGET,0.2843137254902026,CONFIRMED_ADDITION_TARGET,4aab58917b90132a70a29c6e7b757dbbe87a117a628840dc2585b5f82b562c6d,2022-01-24T14:50:00Z,2022-01-24T14:50:00Z,,,,,,0.07107843137255065,0.039156626506035186,0.0,0.11023505787858584,-0.17407866761161678
64d9c91bbbdab9f085c4e968849251e9635fce77d899a33e2b86838ab4a2c612,2022-01-24T20:00:00Z,LONG,TARGET,0.5192743764172291,CONFIRMED_ADDITION_TARGET,51e1a84d9b17394739f01f953faf94f06b577944e3684a750a1831e8aaed1393,2022-01-24T20:05:00Z,2022-01-24T20:05:00Z,,,,,,0.12981859410430727,0.26106639839034934,0.0,0.3908849924946566,-0.1283893839225725
2f8a605a65b0c484a8141c1d7c90a42ad5f05816051e18412a95735e752e3bff,2022-01-24T23:00:00Z,SHORT,STOP,-1.0,RECOVERY_STOP,bb13b12f37ac583f47fd0b247c76ab91a66aaff413fe77e539c7ba8fcadfbd4e,,,2022-01-25T03:00:00Z,2022-01-25T03:20:00Z,1844.08,STOP,2022-01-25T16:45:00Z,-0.25,0.0,-0.75,-1.0,0.0
8adc9a316aa69486109154c2e656fd3de57f902d9c07946553a23710adbf8cc8,2022-01-25T04:00:00Z,LONG,TARGET,1.2057613168723291,PROBE_ONLY_TARGET,fa08f1294110f4c2e559c3e79fb9bcfcd480bf688ba5d9790f3c9acd5e953d4e,,,,,,,,0.3014403292180823,0.0,0.0,0.3014403292180823,-0.9043209876542468
dd5c6026b1f16e99547980f6faa1593796661526efd3e1b95b74a0c30b0c7dde,2022-01-25T05:00:00Z,SHORT,TARGET,0.7275362318840457,CONFIRMED_ADDITION_TARGET,0f2cbe3e22a5a7f433651fab7e853e8376f006255a5453a52651c05040c81378,2022-01-25T10:30:00Z,2022-01-25T10:30:00Z,,,,,,0.18188405797101143,0.3675000000000068,0.0,0.5493840579710183,-0.1781521739130274
62e713c844160b3c2a678c3ad6d2edc00288056e022ebd5fb76e1d01f7c23f2d,2022-01-25T07:00:00Z,LONG,STOP,-1.0,PROBE_STOP_H1_CLOSE_INVALIDATED,f7d3e1bae2552b14a031d90b3e1cba110ac39f1c2fecf1569cedc8ebf5589de1,,,2022-01-25T11:00:00Z,,,,,-0.25,0.0,0.0,-0.25,0.75
a8dcf228743a1a07083224ff20488bd473f378fe6444567684de76f08d875056,2022-01-25T09:00:00Z,SHORT,STOP,-1.0,RECOVERY_TARGET,147104025ceade59eb1963897689b50317df96df6cff908f21e146eb5a7ab6e3,,,2022-01-25T10:00:00Z,2022-01-25T10:30:00Z,1843.37,TARGET,2022-01-25T10:37:00Z,-0.25,0.0,0.0468750000000058,-0.2031249999999942,0.7968750000000058
6d9a37135288bd3a16ccf964967bc91b40dc8d7606aebb550ec6a2a953ca4694,2022-01-25T15:00:00Z,LONG,TARGET,0.6752475247524525,CONFIRMED_ADDITION_TARGET,fc5e9fd7be9b81bbaf6d71d35e66f1b1c4defea1c7d04e9818767eed62b25eb4,2022-01-25T15:05:00Z,2022-01-25T15:05:00Z,,,,,,0.16881188118811313,0.26519999999997707,0.0,0.4340118811880902,-0.24123564356436233
7fa14c53a155b1bcae264600f8a837fe81f12001f553d76e3d3d5be56723f249,2022-01-25T19:00:00Z,SHORT,STOP,-1.0,RECOVERY_TARGET,df29a96af3f7e2675ab3f84feb7249e15b8c3b0d03bc679b1cd249c787ae546b,,,2022-01-25T22:00:00Z,2022-01-25T22:05:00Z,1853.9,TARGET,2022-01-26T16:22:00Z,-0.25,0.0,3.468195266272051,3.218195266272051,4.218195266272051
1024d0108a3cdfc67f0c3db56fd427988f3a7d2b4b82b565fc295a659fbc7fd1,2022-01-26T03:00:00Z,SHORT,TARGET,2.5231910946196026,CONFIRMED_ADDITION_TARGET,dc972c1f4e88790083b0a71f93e7f4d7f34712ba3c4fe9fcbff0f7effb5ca2d6,2022-01-26T03:05:00Z,2022-01-26T03:05:00Z,,,,,,0.6307977736549006,1.4823667711598376,0.0,2.1131645448147385,-0.4100265498048641
e3cbd4470a63ab871f50b4414cd5feae1fff248131296c39eed2788b4edee440,2022-01-26T06:00:00Z,LONG,STOP,-1.0,CONFIRMED_ADDITION_STOP,9e6daf3361cd8c26da74aa1191ea2b0d15f37c8fb101235c4342df7b94d2189f,2022-01-26T06:40:00Z,2022-01-26T06:40:00Z,,,,,,-0.25,-0.75,0.0,-1.0,0.0
6d4a75f6894d6cdf03a536518689dfae5e0571ea10e6444ba7e4d18077243e3c,2022-01-26T12:00:00Z,LONG,STOP,-1.0,CONFIRMED_ADDITION_STOP,8bbe3e7eb510b563a1373d67d4483227c0cdaab8c70bb7a56b4ee55cf6e79d61,2022-01-26T12:05:00Z,2022-01-26T12:05:00Z,,,,,,-0.25,-0.75,0.0,-1.0,0.0
71350070073f46536fc9e33c4447f1a9c5028b48963f6fad688cd0beabf3aab9,2022-01-26T19:00:00Z,LONG,STOP,-1.0,PROBE_STOP_H1_CLOSE_INVALIDATED,a3543a62cc155a665c9ef048ff63f2017df11599dcf59c55a5b97369d810dc89,,,2022-01-26T20:00:00Z,,,,,-0.25,0.0,0.0,-0.25,0.75
4054933fa9887c81938d22359f34d976326a3f03a6e38b8015e8283176ba30d2,2022-01-27T04:00:00Z,LONG,STOP,-1.0,PROBE_STOP_LATER_H1_INVALIDATED,fdbc794b2b67ab56e897594ea86c3a23d7993c1fcd83a3ac9b264e76ce2952f0,,,2022-01-27T05:00:00Z,,,,,-0.25,0.0,0.0,-0.25,0.75
6a89780c2235ae6d1ecd1bc928d334519ba2d1be75fbaa2ab1f3323ed5ad28b6,2022-01-27T07:00:00Z,LONG,STOP,-1.0,PROBE_STOP_H1_CLOSE_INVALIDATED,2f801570636e8237a1259adb5e2d38437057e50d44c1124ee99ce5c277e1d3fc,,,2022-01-27T08:00:00Z,,,,,-0.25,0.0,0.0,-0.25,0.75
5c5c4d636de2abd1223eaec09e0a4367c997d54a09f8b46762d5a1189d16a482,2022-01-27T13:00:00Z,LONG,STOP,-1.0,PROBE_STOP_LATER_H1_INVALIDATED,944fb2b242e55c3037a4b60bcf93fdf32341cc3e6685e3999352be58f8bf521b,,,2022-01-27T14:00:00Z,,,,,-0.25,0.0,0.0,-0.25,0.75
b94201bc8fb3b1aec9ae0f40230f00e54b2edfa1e4820b5540f2084efb1b32d4,2022-01-27T23:00:00Z,LONG,STOP,-1.0,CONFIRMED_ADDITION_STOP,f0631697e1ab8d7764bf0c85842d4a7266340f40ec694ba62eb2df1e12a70c73,2022-01-27T23:05:00Z,2022-01-27T23:05:00Z,,,,,,-0.25,-0.75,0.0,-1.0,0.0
09b1816fd659fa0d3169a6915001fecd0b16928eb0de997e90a748c27495cbb9,2022-01-28T08:00:00Z,SHORT,TARGET,2.829145728643258,CONFIRMED_ADDITION_TARGET,e7e19686b01601b198a3382c49c024fc1b4a5a605a978a95ea95cd36cfab1d90,2022-01-28T09:05:00Z,2022-01-28T09:05:00Z,,,,,,0.7072864321608145,1.3281818181818503,0.0,2.0354682503426647,-0.7936774783005935
8729128bd60e2d942e95d529ef008ae195d67e5e63f26b15847d1ccf19722bf0,2022-01-28T16:00:00Z,LONG,TARGET,2.141215106732291,CONFIRMED_ADDITION_TARGET,6b5934a7668b56635c940f052bd5381367aad7284c76ca275f4a0ca8118da7ef,2022-01-28T23:50:00Z,2022-01-28T23:50:00Z,,,,,,0.5353037766830727,0.5566939890710436,0.0,1.0919977657541162,-1.0492173409781747
ccbfa413527bffd3e006d3a2982f8ae01a3d09e4b0947e80eb60e9b7407d2a15,2022-01-28T19:00:00Z,LONG,TARGET,3.051835853131851,CONFIRMED_ADDITION_TARGET,1c2152c5082662bce252cc0a18b910515908d939892800a65c8604c627cd594f,2022-01-28T20:15:00Z,2022-01-28T20:15:00Z,,,,,,0.7629589632829628,1.49044585987262,0.0,2.2534048231555825,-0.7984310299762685
2da8ec2efacbfb3d5d3fb3347824bfceb7c83cf1f1fe8fe3ddc9b6bfeb1ba006,2022-01-28T20:00:00Z,SHORT,STOP,-1.0,PROBE_STOP_LATER_H1_INVALIDATED,cbaca71ee0fc2a3af6f6e861ac04ff994babf21f1065ebd8857fb5b0e5fc877d,,,2022-01-31T14:00:00Z,,,,,-0.25,0.0,0.0,-0.25,0.75
4a533587b9ce9aca206ef84e0a2fa3e307adcbd5df8425ee705cb66f04b0a21e,2022-01-28T22:00:00Z,LONG,TARGET,1.1745098039215913,CONFIRMED_ADDITION_TARGET,173dad909bbaf36e41e6ee7e01403a75ca2d1c95594eb8cf9cf219502056efb7,2022-01-28T22:15:00Z,2022-01-28T22:15:00Z,,,,,,0.29362745098039783,0.4642335766423429,0.0,0.7578610276227407,-0.41664877629885066
42a41f70256eb6fde89f7d0e5dbacb372b1717d5a5369a3c6341c2998d19318e,2022-01-31T06:00:00Z,SHORT,STOP,-1.0,CONFIRMED_ADDITION_STOP,5ce32697d39e53117d50c426be7cc1fa96bab95b8e5942f0c6946f8f33752aec,2022-01-31T06:05:00Z,2022-01-31T06:05:00Z,,,,,,-0.25,-0.75,0.0,-1.0,0.0
a2ca5fc41726d89be697a5fb50488f254661edf6c9c8daddb2041956241fd622,2022-01-31T06:00:00Z,LONG,STOP,-1.0,RECOVERY_TARGET,d2affcab0aa7ab51b0f58decc7e3d42f8cdf1dfc1dbe1ae1eb3aa2bc678b8a55,,,2022-01-31T07:00:00Z,2022-01-31T07:40:00Z,1785.57,TARGET,2022-01-31T13:54:00Z,-0.25,0.0,0.7745231607629199,0.5245231607629199,1.52452316076292
6d59062914b6ae8d86d5d6ded40b37c3137a92148c4238c2bdbfe0d522300a9a,2022-01-31T09:00:00Z,LONG,TARGET,0.6288659793814007,CONFIRMED_ADDITION_TARGET,d14fa56f09f283a52566bb73e8f1fe090fbc3ddde39d91be77efdf3741efea4a,2022-01-31T10:25:00Z,2022-01-31T10:25:00Z,,,,,,0.15721649484535016,0.06536697247704197,0.0,0.22258346732239215,-0.4062825120590085
beca31c162ccef88aee147b0435664bf90ac6d7d6067b19b98ba2f8abc88a021,2022-01-31T10:00:00Z,SHORT,STOP,-1.0,PROBE_STOP_H1_CLOSE_INVALIDATED,d137ecf1879e1c9edc813250a796a4214014cb105e1da36931f187b5f33c479e,,,2022-01-31T11:00:00Z,,,,,-0.25,0.0,0.0,-0.25,0.75
014084bd7202c6658cd3d2cd251761d497358229afc0f70a80678215885cb600,2022-01-31T19:00:00Z,SHORT,STOP,-1.0,RECOVERY_TIME_EXIT,327ab26f26f7b4069e1a9839612b11efb4db2aef4e960088e40be9b02603519f,,,2022-01-31T22:00:00Z,2022-01-31T22:10:00Z,1799.94,TIME_EXIT,2022-01-31T23:59:00Z,-0.25,0.0,0.04200000000003001,-0.20799999999997,0.79200000000003
