scope,entry_policy,stop_policy,population,filled_cases,no_fill_cases,retest_filled_cases,retest_opportunity_cases,winning_cases,losing_cases,flat_cases,target_disposition_cases,stop_disposition_cases,time_exit_disposition_cases,win_rate_filled,gross_positive_r,gross_negative_r,net_r,expectancy_per_population_case_r,expectancy_per_filled_case_r,profit_factor,maximum_drawdown_r,dollars_at_50_max_case_risk,stop_replacements,stop_fallbacks,median_stop_distance_ratio_to_control,original_positive_cases,original_positive_retained,original_positive_converted_to_loss,original_positive_unfilled,delta_vs_control_r,outcome_counts_json
january_2022,CONTROL_NEXT_M1_OPEN,CONTROL_V2_FILLED_STOP,65,65,0,0,39,40,25,0,39,25,1,0.6153846153846154,37.17663727480629,-25.0,12.176637274806287,0.18733288115086597,0.18733288115086597,1.4870654909922516,9.795935691144571,608.8318637403144,0,0,1.0,40,40,0,0,0.0,"{""STOP"":25,""TARGET"":39,""TIME_EXIT"":1}"
january_2022,CONTROL_NEXT_M1_OPEN,M5_LATEST_CONFIRMED_OPPOSING_SWING_ELSE_CONTROL,65,65,0,0,39,27,38,0,27,38,0,0.4153846153846154,43.090684936807996,-38.0,5.090684936807999,0.07831822979704614,0.07831822979704614,1.1339653930738947,13.035742376276605,254.53424684039993,62,3,0.5092909857669995,40,27,13,0,-7.085952337998289,"{""STOP"":38,""TARGET"":27}"
january_2022,CONTROL_NEXT_M1_OPEN,M15_LATEST_CONFIRMED_OPPOSING_SWING_ELSE_CONTROL,65,65,0,0,39,36,29,0,35,29,1,0.5538461538461539,42.17443917597693,-29.0,13.174439175976921,0.20268367963041417,0.20268367963041417,1.45429100606817,11.653899569285537,658.7219587988461,49,16,0.8007532467532159,40,36,4,0,0.997801901170634,"{""STOP"":29,""TARGET"":35,""TIME_EXIT"":1}"
january_2022,CONTROL_NEXT_M1_OPEN,H1_SOURCE_SWING_BUFFERED_ELSE_CONTROL,65,65,0,0,39,39,26,0,38,26,1,0.6,40.01079333082392,-26.0,14.010793330823917,0.21555066662806027,0.21555066662806027,1.5388766665701508,9.28217383077972,700.5396665411959,11,54,1.0,40,39,1,0,1.8341560560176298,"{""STOP"":26,""TARGET"":38,""TIME_EXIT"":1}"
january_2022,M5_BROKEN_CONTROL_FIRST_RETEST,CONTROL_V2_FILLED_STOP,65,39,26,39,39,22,17,26,22,17,0,0.5641025641025641,22.014675644198118,-17.0,5.014675644198122,0.07714885606458649,0.1285814267743108,1.294980920246948,8.19461335693346,250.7337822099061,0,0,1.0,40,22,0,18,-7.1619616306081655,"{""NO_FILL"":26,""STOP"":17,""TARGET"":22}"
january_2022,M5_BROKEN_CONTROL_FIRST_RETEST,M5_LATEST_CONFIRMED_OPPOSING_SWING_ELSE_CONTROL,65,39,26,39,39,13,26,26,13,26,0,0.3333333333333333,25.476608052633882,-26.0,-0.5233919473661182,-0.008052183805632588,-0.013420306342720978,0.9798695404859186,13.076130213180297,-26.169597368305908,62,3,0.5092909857669995,40,13,9,18,-12.700029222172406,"{""NO_FILL"":26,""STOP"":26,""TARGET"":13}"
january_2022,M5_BROKEN_CONTROL_FIRST_RETEST,M15_LATEST_CONFIRMED_OPPOSING_SWING_ELSE_CONTROL,65,39,26,39,39,20,19,26,20,19,0,0.5128205128205128,26.872804330040683,-19.0,7.872804330040681,0.12112006661601048,0.2018667776933508,1.41435812263372,8.748743325605744,393.6402165020341,49,16,0.8007532467532159,40,20,2,18,-4.303832944765606,"{""NO_FILL"":26,""STOP"":19,""TARGET"":20}"
january_2022,M5_BROKEN_CONTROL_FIRST_RETEST,H1_SOURCE_SWING_BUFFERED_ELSE_CONTROL,65,39,26,39,39,22,17,26,22,17,0,0.5641025641025641,25.95628516200114,-17.0,8.956285162001146,0.1377890024923253,0.22964833748720886,1.5268403036471259,7.547683185452466,447.8142581000573,11,54,1.0,40,22,0,18,-3.2203521128051413,"{""NO_FILL"":26,""STOP"":17,""TARGET"":22}"
january_2022,CONFIRMED_25_75_RETEST_SPLIT,CONTROL_V2_FILLED_STOP,65,65,0,39,39,40,25,0,39,25,1,0.6153846153846154,25.805166051850165,-19.0,6.80516605185016,0.10469486233615631,0.10469486233615631,1.3581666343079035,8.593350870865114,340.258302592508,0,0,1.0,40,40,0,0,-5.371471222956127,"{""SPLIT_CONTROL_STOP_NO_RETEST"":8,""SPLIT_CONTROL_TARGET_NO_RETEST"":17,""SPLIT_CONTROL_TIME_EXIT_NO_RETEST"":1,""SPLIT_STOP_STOP"":17,""SPLIT_TARGET_TARGET"":22}"
january_2022,CONFIRMED_25_75_RETEST_SPLIT,M5_LATEST_CONFIRMED_OPPOSING_SWING_ELSE_CONTROL,65,65,0,39,39,27,38,0,27,38,0,0.4153846153846154,29.880127273677413,-29.0,0.8801272736774115,0.013540419595037101,0.013540419595037101,1.0303492163337038,12.961961357936474,44.006363683870575,62,3,0.5092909857669995,40,27,13,0,-11.296510001128876,"{""SPLIT_CONTROL_STOP_NO_RETEST"":12,""SPLIT_CONTROL_TARGET_NO_RETEST"":14,""SPLIT_STOP_STOP"":26,""SPLIT_TARGET_TARGET"":13}"
january_2022,CONFIRMED_25_75_RETEST_SPLIT,M15_LATEST_CONFIRMED_OPPOSING_SWING_ELSE_CONTROL,65,65,0,39,39,36,29,0,35,29,1,0.5538461538461539,30.69821304152474,-21.5,9.198213041524745,0.14151096986961148,0.14151096986961148,1.4278238623964994,9.475032386525688,459.9106520762373,49,16,0.8007532467532159,40,36,4,0,-2.978424233281542,"{""SPLIT_CONTROL_STOP_NO_RETEST"":10,""SPLIT_CONTROL_TARGET_NO_RETEST"":15,""SPLIT_CONTROL_TIME_EXIT_NO_RETEST"":1,""SPLIT_STOP_STOP"":19,""SPLIT_TARGET_TARGET"":20}"
january_2022,CONFIRMED_25_75_RETEST_SPLIT,H1_SOURCE_SWING_BUFFERED_ELSE_CONTROL,65,65,0,39,39,39,26,0,38,26,1,0.6,29.469912204206835,-19.25,10.219912204206837,0.15722941852625905,0.15722941852625905,1.5309045300886668,7.979712777163156,510.99561021034185,11,54,1.0,40,39,1,0,-1.9567250705994503,"{""SPLIT_CONTROL_STOP_NO_RETEST"":9,""SPLIT_CONTROL_TARGET_NO_RETEST"":16,""SPLIT_CONTROL_TIME_EXIT_NO_RETEST"":1,""SPLIT_STOP_STOP"":17,""SPLIT_TARGET_TARGET"":22}"
february_2022,CONTROL_NEXT_M1_OPEN,CONTROL_V2_FILLED_STOP,61,61,0,0,36,33,28,0,32,26,3,0.5409836065573771,37.024561531016786,-26.21138923154525,10.813172299471535,0.17726511966346778,0.17726511966346778,1.412537168631182,8.873559652673183,540.6586149735767,0,0,1.0,33,33,0,0,0.0,"{""STOP"":26,""TARGET"":32,""TIME_EXIT"":3}"
february_2022,CONTROL_NEXT_M1_OPEN,M5_LATEST_CONFIRMED_OPPOSING_SWING_ELSE_CONTROL,61,61,0,0,36,25,36,0,24,36,1,0.4098360655737705,41.642235001885865,-36.0,5.642235001885866,0.09249565576862076,0.09249565576862076,1.156728750052385,19.221655320639645,282.1117500942933,57,4,0.39377319109464815,33,25,8,0,-5.170937297585669,"{""STOP"":36,""TARGET"":24,""TIME_EXIT"":1}"
february_2022,CONTROL_NEXT_M1_OPEN,M15_LATEST_CONFIRMED_OPPOSING_SWING_ELSE_CONTROL,61,61,0,0,36,29,32,0,28,32,1,0.47540983606557374,40.05771167397693,-32.0,8.057711673976927,0.13209363399962176,0.13209363399962176,1.2518034898117791,9.550468061761444,402.88558369884635,52,9,0.7142500890630817,33,29,4,0,-2.7554606254946084,"{""STOP"":32,""TARGET"":28,""TIME_EXIT"":1}"
february_2022,CONTROL_NEXT_M1_OPEN,H1_SOURCE_SWING_BUFFERED_ELSE_CONTROL,61,61,0,0,36,33,28,0,32,26,3,0.5409836065573771,39.71760847944777,-26.21138923154525,13.506219247902518,0.2214134302934839,0.2214134302934839,1.5152805571880128,8.873559652673183,675.3109623951259,6,55,1.0,33,33,0,0,2.6930469484309825,"{""STOP"":26,""TARGET"":32,""TIME_EXIT"":3}"
february_2022,M5_BROKEN_CONTROL_FIRST_RETEST,CONTROL_V2_FILLED_STOP,61,36,25,36,36,17,19,25,16,19,1,0.4722222222222222,21.692206231931074,-19.0,2.692206231931073,0.044134528392312675,0.0747835064425298,1.1416950648384776,6.612835194026655,134.61031159655366,0,0,1.0,33,16,0,17,-8.120966067540461,"{""NO_FILL"":25,""STOP"":19,""TARGET"":16,""TIME_EXIT"":1}"
february_2022,M5_BROKEN_CONTROL_FIRST_RETEST,M5_LATEST_CONFIRMED_OPPOSING_SWING_ELSE_CONTROL,61,36,25,36,36,10,26,25,10,26,0,0.2777777777777778,18.684615504454673,-26.0,-7.31538449554533,-0.1199243359925464,-0.20320512487625916,0.7186390578636412,19.38003548221603,-365.7692247772665,57,4,0.39377319109464815,33,10,6,17,-18.128556795016866,"{""NO_FILL"":25,""STOP"":26,""TARGET"":10}"
february_2022,M5_BROKEN_CONTROL_FIRST_RETEST,M15_LATEST_CONFIRMED_OPPOSING_SWING_ELSE_CONTROL,61,36,25,36,36,13,23,25,13,23,0,0.3611111111111111,19.727142255026635,-23.0,-3.2728577449733685,-0.05365340565530112,-0.09091271513814912,0.8577018371750711,10.49827112063735,-163.64288724866842,52,9,0.7142500890630817,33,13,3,17,-14.086030044444904,"{""NO_FILL"":25,""STOP"":23,""TARGET"":13}"
february_2022,M5_BROKEN_CONTROL_FIRST_RETEST,H1_SOURCE_SWING_BUFFERED_ELSE_CONTROL,61,36,25,36,36,17,19,25,16,19,1,0.4722222222222222,25.445782614580217,-19.0,6.445782614580218,0.10566856745213472,0.17904951707167271,1.3392517165568536,6.612835194026655,322.28913072901094,6,55,1.0,33,16,0,17,-4.367389684891317,"{""NO_FILL"":25,""STOP"":19,""TARGET"":16,""TIME_EXIT"":1}"
february_2022,CONFIRMED_25_75_RETEST_SPLIT,CONTROL_V2_FILLED_STOP,61,61,0,36,36,34,27,0,32,26,3,0.5573770491803278,25.513139093399754,-20.79069134458356,4.722447748816188,0.07741717621010144,0.07741717621010144,1.2271424105406912,7.178016308688287,236.12238744080938,0,0,1.0,33,33,0,0,-6.090724550655348,"{""SPLIT_CONTROL_STOP_NO_RETEST"":7,""SPLIT_CONTROL_TARGET_NO_RETEST"":16,""SPLIT_CONTROL_TIME_EXIT_NO_RETEST"":2,""SPLIT_STOP_STOP"":19,""SPLIT_TARGET_TARGET"":16,""SPLIT_TIME_EXIT_TIME_EXIT"":1}"
february_2022,CONFIRMED_25_75_RETEST_SPLIT,M5_LATEST_CONFIRMED_OPPOSING_SWING_ELSE_CONTROL,61,61,0,36,36,25,36,0,24,36,1,0.4098360655737705,24.424020378812475,-28.5,-4.075979621187526,-0.06681933805225451,-0.06681933805225451,0.8569831711864027,19.316934028355604,-203.79898105937627,57,4,0.39377319109464815,33,25,8,0,-14.88915192065906,"{""SPLIT_CONTROL_STOP_NO_RETEST"":10,""SPLIT_CONTROL_TARGET_NO_RETEST"":14,""SPLIT_CONTROL_TIME_EXIT_NO_RETEST"":1,""SPLIT_STOP_STOP"":26,""SPLIT_TARGET_TARGET"":10}"
february_2022,CONFIRMED_25_75_RETEST_SPLIT,M15_LATEST_CONFIRMED_OPPOSING_SWING_ELSE_CONTROL,61,61,0,36,36,29,32,0,28,32,1,0.47540983606557374,24.809784609764208,-25.25,-0.4402153902357967,-0.007216645741570438,-0.007216645741570438,0.9825657271193745,9.988159103957873,-22.010769511789835,52,9,0.7142500890630817,33,29,4,0,-11.253387689707331,"{""SPLIT_CONTROL_STOP_NO_RETEST"":9,""SPLIT_CONTROL_TARGET_NO_RETEST"":15,""SPLIT_CONTROL_TIME_EXIT_NO_RETEST"":1,""SPLIT_STOP_STOP"":23,""SPLIT_TARGET_TARGET"":13}"
february_2022,CONFIRMED_25_75_RETEST_SPLIT,H1_SOURCE_SWING_BUFFERED_ELSE_CONTROL,61,61,0,36,36,34,27,0,32,26,3,0.5573770491803278,29.00158311749436,-20.79069134458356,8.210891772910793,0.134604783162472,0.134604783162472,1.3949311562960565,7.178016308688287,410.54458864553965,6,55,1.0,33,33,0,0,-2.602280526560742,"{""SPLIT_CONTROL_STOP_NO_RETEST"":7,""SPLIT_CONTROL_TARGET_NO_RETEST"":16,""SPLIT_CONTROL_TIME_EXIT_NO_RETEST"":2,""SPLIT_STOP_STOP"":19,""SPLIT_TARGET_TARGET"":16,""SPLIT_TIME_EXIT_TIME_EXIT"":1}"
march_2022,CONTROL_NEXT_M1_OPEN,CONTROL_V2_FILLED_STOP,79,79,0,0,47,42,37,0,42,36,1,0.5316455696202531,37.402485019676,-36.01936483346243,1.3831201862135742,0.017507850458399674,0.017507850458399674,1.0383993497000434,9.623654337386155,69.15600931067871,0,0,1.0,42,42,0,0,0.0,"{""STOP"":36,""TARGET"":42,""TIME_EXIT"":1}"
march_2022,CONTROL_NEXT_M1_OPEN,M5_LATEST_CONFIRMED_OPPOSING_SWING_ELSE_CONTROL,79,79,0,0,47,27,52,0,27,51,1,0.34177215189873417,38.432128251674875,-51.042761670881745,-12.61063341920687,-0.1596282711292009,-0.1596282711292009,0.7529398291471985,22.395442699846434,-630.5316709603435,75,4,0.4937482730035689,42,27,15,0,-13.993753605420444,"{""STOP"":51,""TARGET"":27,""TIME_EXIT"":1}"
march_2022,CONTROL_NEXT_M1_OPEN,M15_LATEST_CONFIRMED_OPPOSING_SWING_ELSE_CONTROL,79,79,0,0,47,37,42,0,37,41,1,0.46835443037974683,40.27452372254589,-41.01936483346243,-0.7448411109165506,-0.009428368492614565,-0.009428368492614565,0.981841720028075,15.895288046672164,-37.242055545827526,58,21,0.7780275041051018,42,37,5,0,-2.127961297130125,"{""STOP"":41,""TARGET"":37,""TIME_EXIT"":1}"
march_2022,CONTROL_NEXT_M1_OPEN,H1_SOURCE_SWING_BUFFERED_ELSE_CONTROL,79,79,0,0,47,42,37,0,42,36,1,0.5316455696202531,37.66988892335359,-36.01936483346243,1.6505240898911637,0.020892709998622326,0.020892709998622326,1.0458232425119778,9.504976052695094,82.52620449455819,5,74,1.0,42,42,0,0,0.2674039036775895,"{""STOP"":36,""TARGET"":42,""TIME_EXIT"":1}"
march_2022,M5_BROKEN_CONTROL_FIRST_RETEST,CONTROL_V2_FILLED_STOP,79,47,32,47,47,26,21,32,26,21,0,0.5531914893617021,31.561532580307272,-21.0,10.561532580307272,0.13369028582667433,0.2247134591554739,1.5029301228717749,6.705426225984267,528.0766290153636,0,0,1.0,42,26,0,16,9.178412394093698,"{""NO_FILL"":32,""STOP"":21,""TARGET"":26}"
march_2022,M5_BROKEN_CONTROL_FIRST_RETEST,M5_LATEST_CONFIRMED_OPPOSING_SWING_ELSE_CONTROL,79,47,32,47,47,14,33,32,14,33,0,0.2978723404255319,29.798528660649296,-33.0,-3.2014713393507077,-0.04052495366266719,-0.06811641147554698,0.9029857169893726,15.638758676732383,-160.07356696753538,75,4,0.4937482730035689,42,14,12,16,-4.5845915255642815,"{""NO_FILL"":32,""STOP"":33,""TARGET"":14}"
march_2022,M5_BROKEN_CONTROL_FIRST_RETEST,M15_LATEST_CONFIRMED_OPPOSING_SWING_ELSE_CONTROL,79,47,32,47,47,22,25,32,22,25,0,0.46808510638297873,34.53415295669366,-25.0,9.534152956693665,0.12068548046447677,0.20285431822752478,1.3813661182677464,11.195824734618377,476.70764783468326,58,21,0.7780275041051018,42,22,4,16,8.151032770480091,"{""NO_FILL"":32,""STOP"":25,""TARGET"":22}"
march_2022,M5_BROKEN_CONTROL_FIRST_RETEST,H1_SOURCE_SWING_BUFFERED_ELSE_CONTROL,79,47,32,47,47,26,21,32,26,21,0,0.5531914893617021,31.561532580307272,-21.0,10.561532580307272,0.13369028582667433,0.2247134591554739,1.5029301228717749,6.705426225984267,528.0766290153636,5,74,1.0,42,26,0,16,9.178412394093698,"{""NO_FILL"":32,""STOP"":21,""TARGET"":26}"
march_2022,CONFIRMED_25_75_RETEST_SPLIT,CONTROL_V2_FILLED_STOP,79,79,0,47,47,42,37,0,42,36,1,0.5316455696202531,33.02177069014946,-24.754841208365608,8.266929481783848,0.10464467698460567,0.10464467698460567,1.3339520303200385,6.868765606775924,413.3464740891924,0,0,1.0,42,42,0,0,6.883809295570273,"{""SPLIT_CONTROL_STOP_NO_RETEST"":15,""SPLIT_CONTROL_TARGET_NO_RETEST"":16,""SPLIT_CONTROL_TIME_EXIT_NO_RETEST"":1,""SPLIT_STOP_STOP"":21,""SPLIT_TARGET_TARGET"":26}"
march_2022,CONFIRMED_25_75_RETEST_SPLIT,M5_LATEST_CONFIRMED_OPPOSING_SWING_ELSE_CONTROL,79,79,0,47,47,27,52,0,27,51,1,0.34177215189873417,31.956928558405686,-37.51069041772043,-5.55376185931475,-0.07030078302930062,-0.07030078302930062,0.8519418918322257,16.99406504298169,-277.6880929657375,75,4,0.4937482730035689,42,27,15,0,-6.936882045528324,"{""SPLIT_CONTROL_STOP_NO_RETEST"":18,""SPLIT_CONTROL_TARGET_NO_RETEST"":13,""SPLIT_CONTROL_TIME_EXIT_NO_RETEST"":1,""SPLIT_STOP_STOP"":33,""SPLIT_TARGET_TARGET"":14}"
march_2022,CONFIRMED_25_75_RETEST_SPLIT,M15_LATEST_CONFIRMED_OPPOSING_SWING_ELSE_CONTROL,79,79,0,47,47,37,42,0,37,41,1,0.46835443037974683,35.96924564815672,-29.004841208365608,6.964404439791106,0.08815701822520387,0.08815701822520387,1.2401117933989045,12.264072915573015,348.2202219895553,58,21,0.7780275041051018,42,37,5,0,5.5812842535775316,"{""SPLIT_CONTROL_STOP_NO_RETEST"":16,""SPLIT_CONTROL_TARGET_NO_RETEST"":15,""SPLIT_CONTROL_TIME_EXIT_NO_RETEST"":1,""SPLIT_STOP_STOP"":25,""SPLIT_TARGET_TARGET"":22}"
march_2022,CONFIRMED_25_75_RETEST_SPLIT,H1_SOURCE_SWING_BUFFERED_ELSE_CONTROL,79,79,0,47,47,42,37,0,42,36,1,0.5316455696202531,33.08862166606886,-24.754841208365608,8.333780457703245,0.10549089186966133,0.10549089186966133,1.3366525516183456,6.839096035603159,416.6890228851623,5,74,1.0,42,42,0,0,6.950660271489671,"{""SPLIT_CONTROL_STOP_NO_RETEST"":15,""SPLIT_CONTROL_TARGET_NO_RETEST"":16,""SPLIT_CONTROL_TIME_EXIT_NO_RETEST"":1,""SPLIT_STOP_STOP"":21,""SPLIT_TARGET_TARGET"":26}"
april_2022,CONTROL_NEXT_M1_OPEN,CONTROL_V2_FILLED_STOP,60,60,0,0,38,30,30,0,29,30,1,0.5,20.921739261719416,-30.0,-9.078260738280585,-0.15130434563800976,-0.15130434563800976,0.6973913087239806,11.514377205928781,-453.91303691402925,0,0,1.0,30,30,0,0,0.0,"{""STOP"":30,""TARGET"":29,""TIME_EXIT"":1}"
april_2022,CONTROL_NEXT_M1_OPEN,M5_LATEST_CONFIRMED_OPPOSING_SWING_ELSE_CONTROL,60,60,0,0,38,21,39,0,20,39,1,0.35,25.670838296657,-39.0,-13.329161703343,-0.2221526950557167,-0.2221526950557167,0.6582266229912052,20.510618793516855,-666.45808516715,56,4,0.5895375274562602,30,21,9,0,-4.250900965062415,"{""STOP"":39,""TARGET"":20,""TIME_EXIT"":1}"
april_2022,CONTROL_NEXT_M1_OPEN,M15_LATEST_CONFIRMED_OPPOSING_SWING_ELSE_CONTROL,60,60,0,0,38,27,33,0,26,33,1,0.45,22.933831383631116,-33.0,-10.066168616368888,-0.16776947693948147,-0.16776947693948147,0.6949645873827611,11.960721824090388,-503.3084308184444,44,16,0.8638105807899276,30,27,3,0,-0.9879078780883024,"{""STOP"":33,""TARGET"":26,""TIME_EXIT"":1}"
april_2022,CONTROL_NEXT_M1_OPEN,H1_SOURCE_SWING_BUFFERED_ELSE_CONTROL,60,60,0,0,38,29,31,0,28,31,1,0.48333333333333334,16.1955750297042,-31.0,-14.804424970295802,-0.2467404161715967,-0.2467404161715967,0.5224379041840065,15.276728538772295,-740.2212485147901,10,50,1.0,30,29,1,0,-5.726164232015217,"{""STOP"":31,""TARGET"":28,""TIME_EXIT"":1}"
april_2022,M5_BROKEN_CONTROL_FIRST_RETEST,CONTROL_V2_FILLED_STOP,60,38,22,38,38,17,21,22,17,21,0,0.4473684210526316,16.201694116552382,-21.0,-4.798305883447625,-0.07997176472412709,-0.12627120745914802,0.7715092436453516,9.96998341092468,-239.91529417238127,0,0,1.0,30,17,0,13,4.27995485483296,"{""NO_FILL"":22,""STOP"":21,""TARGET"":17}"
april_2022,M5_BROKEN_CONTROL_FIRST_RETEST,M5_LATEST_CONFIRMED_OPPOSING_SWING_ELSE_CONTROL,60,38,22,38,38,11,27,22,11,27,0,0.2894736842105263,25.00125466901594,-27.0,-1.998745330984062,-0.0333124221830677,-0.05259856134168584,0.9259723951487385,14.722964948822243,-99.9372665492031,56,4,0.5895375274562602,30,11,6,13,7.079515407296523,"{""NO_FILL"":22,""STOP"":27,""TARGET"":11}"
april_2022,M5_BROKEN_CONTROL_FIRST_RETEST,M15_LATEST_CONFIRMED_OPPOSING_SWING_ELSE_CONTROL,60,38,22,38,38,16,22,22,16,22,0,0.42105263157894735,20.147184309509036,-22.0,-1.8528156904909674,-0.03088026150818279,-0.04875830764449914,0.9157811049776835,8.144891036655782,-92.64078452454837,44,16,0.8638105807899276,30,16,1,13,7.225445047789618,"{""NO_FILL"":22,""STOP"":22,""TARGET"":16}"
april_2022,M5_BROKEN_CONTROL_FIRST_RETEST,H1_SOURCE_SWING_BUFFERED_ELSE_CONTROL,60,38,22,38,38,16,22,22,16,22,0,0.42105263157894735,11.24079376244149,-22.0,-10.75920623755851,-0.1793201039593085,-0.28313700625153976,0.5109451710200678,11.673193682619015,-537.9603118779255,10,50,1.0,30,16,1,13,-1.6809454992779251,"{""NO_FILL"":22,""STOP"":22,""TARGET"":16}"
april_2022,CONFIRMED_25_75_RETEST_SPLIT,CONTROL_V2_FILLED_STOP,60,60,0,38,38,30,30,0,29,30,1,0.5,17.381705402844144,-23.25,-5.868294597155867,-0.09780490995259777,-0.09780490995259777,0.7476002323803933,10.356081859675706,-293.4147298577933,0,0,1.0,30,30,0,0,3.2099661411247187,"{""SPLIT_CONTROL_STOP_NO_RETEST"":9,""SPLIT_CONTROL_TARGET_NO_RETEST"":12,""SPLIT_CONTROL_TIME_EXIT_NO_RETEST"":1,""SPLIT_STOP_STOP"":21,""SPLIT_TARGET_TARGET"":17}"
april_2022,CONFIRMED_25_75_RETEST_SPLIT,M5_LATEST_CONFIRMED_OPPOSING_SWING_ELSE_CONTROL,60,60,0,38,38,21,39,0,20,39,1,0.35,25.168650575926204,-30.0,-4.831349424073793,-0.08052249040122988,-0.08052249040122988,0.8389550191975401,16.169878409995896,-241.56747120368968,56,4,0.5895375274562602,30,21,9,0,4.246911314206792,"{""SPLIT_CONTROL_STOP_NO_RETEST"":12,""SPLIT_CONTROL_TARGET_NO_RETEST"":9,""SPLIT_CONTROL_TIME_EXIT_NO_RETEST"":1,""SPLIT_STOP_STOP"":27,""SPLIT_TARGET_TARGET"":11}"
april_2022,CONFIRMED_25_75_RETEST_SPLIT,M15_LATEST_CONFIRMED_OPPOSING_SWING_ELSE_CONTROL,60,60,0,38,38,27,33,0,26,33,1,0.45,20.843846078039558,-24.75,-3.9061539219604438,-0.06510256536600739,-0.06510256536600739,0.8421755991127094,9.040813378142271,-195.30769609802218,44,16,0.8638105807899276,30,27,3,0,5.172106816320142,"{""SPLIT_CONTROL_STOP_NO_RETEST"":11,""SPLIT_CONTROL_TARGET_NO_RETEST"":10,""SPLIT_CONTROL_TIME_EXIT_NO_RETEST"":1,""SPLIT_STOP_STOP"":22,""SPLIT_TARGET_TARGET"":16}"
april_2022,CONFIRMED_25_75_RETEST_SPLIT,H1_SOURCE_SWING_BUFFERED_ELSE_CONTROL,60,60,0,38,38,29,31,0,28,31,1,0.48333333333333334,12.47948907925717,-24.25,-11.770510920742835,-0.19617518201238057,-0.19617518201238057,0.5146181063611205,12.413459516275577,-588.5255460371417,10,50,1.0,30,29,1,0,-2.6922501824622493,"{""SPLIT_CONTROL_STOP_NO_RETEST"":9,""SPLIT_CONTROL_TARGET_NO_RETEST"":12,""SPLIT_CONTROL_TIME_EXIT_NO_RETEST"":1,""SPLIT_STOP_STOP"":22,""SPLIT_TARGET_TARGET"":16}"
may_2022,CONTROL_NEXT_M1_OPEN,CONTROL_V2_FILLED_STOP,61,61,0,0,41,35,26,0,35,26,0,0.5737704918032787,33.38666944995131,-26.0,7.38666944995132,0.12109294180248066,0.12109294180248066,1.2841026711519736,6.63208205949805,369.333472497566,0,0,1.0,35,35,0,0,0.0,"{""STOP"":26,""TARGET"":35}"
may_2022,CONTROL_NEXT_M1_OPEN,M5_LATEST_CONFIRMED_OPPOSING_SWING_ELSE_CONTROL,61,61,0,0,41,23,38,0,23,38,0,0.3770491803278688,47.04256569396311,-38.0,9.042565693963118,0.14823878186824782,0.14823878186824782,1.2379622551042924,13.411922249954394,452.1282846981559,60,1,0.4574925074925132,35,23,12,0,1.6558962440117977,"{""STOP"":38,""TARGET"":23}"
may_2022,CONTROL_NEXT_M1_OPEN,M15_LATEST_CONFIRMED_OPPOSING_SWING_ELSE_CONTROL,61,61,0,0,40,30,31,0,30,31,0,0.4918032786885246,43.505035226422194,-31.0,12.505035226422196,0.20500057748233108,0.20500057748233108,1.4033882331103933,8.097917556746657,625.2517613211098,50,11,0.7228547854785516,35,30,5,0,5.118365776470876,"{""STOP"":31,""TARGET"":30}"
may_2022,CONTROL_NEXT_M1_OPEN,H1_SOURCE_SWING_BUFFERED_ELSE_CONTROL,61,61,0,0,41,35,26,0,35,26,0,0.5737704918032787,34.84525916793715,-26.0,8.845259167937161,0.14500424865470757,0.14500424865470757,1.3402022756898904,6.63208205949805,442.2629583968581,5,56,1.0,35,35,0,0,1.4585897179858414,"{""STOP"":26,""TARGET"":35}"
may_2022,M5_BROKEN_CONTROL_FIRST_RETEST,CONTROL_V2_FILLED_STOP,61,41,20,41,41,22,19,20,22,19,0,0.5365853658536586,24.462654716967688,-19.0,5.462654716967686,0.0895517166716014,0.13323548090165088,1.2875081429982993,5.0,273.1327358483843,0,0,1.0,35,22,0,13,-1.9240147329836343,"{""NO_FILL"":20,""STOP"":19,""TARGET"":22}"
may_2022,M5_BROKEN_CONTROL_FIRST_RETEST,M5_LATEST_CONFIRMED_OPPOSING_SWING_ELSE_CONTROL,61,41,20,41,41,13,28,20,13,28,0,0.3170731707317073,32.35819105515032,-28.0,4.358191055150324,0.07144575500246433,0.10629734280854448,1.155649680541083,8.29472839358591,217.9095527575162,60,1,0.4574925074925132,35,13,9,13,-3.028478394800996,"{""NO_FILL"":20,""STOP"":28,""TARGET"":13}"
may_2022,M5_BROKEN_CONTROL_FIRST_RETEST,M15_LATEST_CONFIRMED_OPPOSING_SWING_ELSE_CONTROL,61,40,21,40,40,17,23,21,17,23,0,0.425,28.27488907532176,-23.0,5.274889075321759,0.08647359139871737,0.13187222688304398,1.2293430032748591,6.80996808998727,263.744453766088,50,11,0.7228547854785516,35,17,5,13,-2.1117803746295607,"{""NO_FILL"":21,""STOP"":23,""TARGET"":17}"
may_2022,M5_BROKEN_CONTROL_FIRST_RETEST,H1_SOURCE_SWING_BUFFERED_ELSE_CONTROL,61,41,20,41,41,22,19,20,22,19,0,0.5365853658536586,24.72090964820392,-19.0,5.720909648203916,0.09378540406891665,0.13953438166351015,1.3011005078002065,5.0,286.0454824101958,5,56,1.0,35,22,0,13,-1.665759801747404,"{""NO_FILL"":20,""STOP"":19,""TARGET"":22}"
may_2022,CONFIRMED_25_75_RETEST_SPLIT,CONTROL_V2_FILLED_STOP,61,61,0,41,41,35,26,0,35,26,0,0.5737704918032787,26.693658400213593,-20.75,5.943658400213593,0.0974370229543212,0.0974370229543212,1.2864413686849925,5.269317702143221,297.18292001067965,0,0,1.0,35,35,0,0,-1.443011049737727,"{""SPLIT_CONTROL_STOP_NO_RETEST"":7,""SPLIT_CONTROL_TARGET_NO_RETEST"":13,""SPLIT_STOP_STOP"":19,""SPLIT_TARGET_TARGET"":22}"
may_2022,CONFIRMED_25_75_RETEST_SPLIT,M5_LATEST_CONFIRMED_OPPOSING_SWING_ELSE_CONTROL,61,61,0,41,41,23,38,0,23,38,0,0.3770491803278688,36.02928471485353,-30.5,5.529284714853522,0.09064401171891019,0.09064401171891019,1.1812880234378207,9.424690934236533,276.46423574267607,60,1,0.4574925074925132,35,23,12,0,-1.8573847350977983,"{""SPLIT_CONTROL_STOP_NO_RETEST"":10,""SPLIT_CONTROL_TARGET_NO_RETEST"":10,""SPLIT_STOP_STOP"":28,""SPLIT_TARGET_TARGET"":13}"
may_2022,CONFIRMED_25_75_RETEST_SPLIT,M15_LATEST_CONFIRMED_OPPOSING_SWING_ELSE_CONTROL,61,61,0,40,40,30,31,0,30,31,0,0.4918032786885246,32.08242561309687,-25.0,7.082425613096868,0.11610533791962079,0.11610533791962079,1.2832970245238748,6.414985484558791,354.1212806548434,50,11,0.7228547854785516,35,30,5,0,-0.304243836854452,"{""SPLIT_CONTROL_STOP_NO_RETEST"":8,""SPLIT_CONTROL_TARGET_NO_RETEST"":13,""SPLIT_STOP_STOP"":23,""SPLIT_TARGET_TARGET"":17}"
may_2022,CONFIRMED_25_75_RETEST_SPLIT,H1_SOURCE_SWING_BUFFERED_ELSE_CONTROL,61,61,0,41,41,35,26,0,35,26,0,0.5737704918032787,27.251997028137225,-20.75,6.501997028137225,0.10659011521536435,0.10659011521536435,1.313349254368059,5.269317702143221,325.09985140686126,5,56,1.0,35,35,0,0,-0.8846724218140949,"{""SPLIT_CONTROL_STOP_NO_RETEST"":7,""SPLIT_CONTROL_TARGET_NO_RETEST"":13,""SPLIT_STOP_STOP"":19,""SPLIT_TARGET_TARGET"":22}"
combined_january_to_may_2022,CONTROL_NEXT_M1_OPEN,CONTROL_V2_FILLED_STOP,326,326,0,0,201,180,146,0,177,143,6,0.5521472392638037,165.91209253716983,-143.23075406500766,22.681338472162132,0.06957465789006789,0.06957465789006789,1.1583552262935646,19.519339005830346,1134.0669236081067,0,0,1.0,180,180,0,0,0.0,"{""STOP"":143,""TARGET"":177,""TIME_EXIT"":6}"
combined_january_to_may_2022,CONTROL_NEXT_M1_OPEN,M5_LATEST_CONFIRMED_OPPOSING_SWING_ELSE_CONTROL,326,326,0,0,201,123,203,0,121,202,3,0.3773006134969325,195.8784521809888,-202.04276167088176,-6.164309489892883,-0.01890892481562234,-0.01890892481562234,0.9694900750766101,45.962784033592115,-308.2154744946441,310,16,0.49943389045956676,180,123,57,0,-28.845647962055015,"{""STOP"":202,""TARGET"":121,""TIME_EXIT"":3}"
combined_january_to_may_2022,CONTROL_NEXT_M1_OPEN,M15_LATEST_CONFIRMED_OPPOSING_SWING_ELSE_CONTROL,326,326,0,0,200,159,167,0,156,166,4,0.48773006134969327,188.9455411825531,-166.01936483346242,22.926176349090596,0.0703256943223638,0.0703256943223638,1.1380933867087637,27.65078810932662,1146.3088174545298,253,73,0.7769459252718278,180,159,21,0,0.24483787692846448,"{""STOP"":166,""TARGET"":156,""TIME_EXIT"":4}"
combined_january_to_may_2022,CONTROL_NEXT_M1_OPEN,H1_SOURCE_SWING_BUFFERED_ELSE_CONTROL,326,326,0,0,201,178,148,0,175,145,6,0.5460122699386503,168.43912493126663,-145.23075406500766,23.208370866258967,0.071191321675641,0.071191321675641,1.15980341777934,24.724351595360304,1160.4185433129483,37,289,1.0,180,178,2,0,0.5270323940968353,"{""STOP"":145,""TARGET"":175,""TIME_EXIT"":6}"
combined_january_to_may_2022,M5_BROKEN_CONTROL_FIRST_RETEST,CONTROL_V2_FILLED_STOP,326,201,125,201,201,104,97,125,103,97,1,0.5174129353233831,115.93276328995651,-97.0,18.932763289956533,0.05807596101213661,0.09419285218883847,1.1951831267005826,10.830337634357909,946.6381644978267,0,0,1.0,180,103,0,77,-3.748575182205599,"{""NO_FILL"":125,""STOP"":97,""TARGET"":103,""TIME_EXIT"":1}"
combined_january_to_may_2022,M5_BROKEN_CONTROL_FIRST_RETEST,M5_LATEST_CONFIRMED_OPPOSING_SWING_ELSE_CONTROL,326,201,125,201,201,61,140,125,61,140,0,0.3034825870646766,131.31919794190406,-140.0,-8.6808020580959,-0.02662822717207331,-0.04318806994077562,0.9379942710136004,26.589234391809097,-434.040102904795,310,16,0.49943389045956676,180,61,42,77,-31.36214053025803,"{""NO_FILL"":125,""STOP"":140,""TARGET"":61}"
combined_january_to_may_2022,M5_BROKEN_CONTROL_FIRST_RETEST,M15_LATEST_CONFIRMED_OPPOSING_SWING_ELSE_CONTROL,326,200,126,200,200,88,112,126,88,112,0,0.44,129.55617292659178,-112.0,17.55617292659177,0.05385329118586433,0.08778086463295885,1.1567515439874267,11.195824734618375,877.8086463295886,253,73,0.7769459252718278,180,88,15,77,-5.125165545570361,"{""NO_FILL"":126,""STOP"":112,""TARGET"":88}"
combined_january_to_may_2022,M5_BROKEN_CONTROL_FIRST_RETEST,H1_SOURCE_SWING_BUFFERED_ELSE_CONTROL,326,201,125,201,201,103,98,125,102,98,1,0.5124378109452736,118.92530376753399,-98.0,20.925303767534054,0.06418804836666887,0.10410598889320424,1.2135235078319795,13.865306581407777,1046.2651883767028,37,289,1.0,180,102,1,77,-1.7560347046280782,"{""NO_FILL"":125,""STOP"":98,""TARGET"":102,""TIME_EXIT"":1}"
combined_january_to_may_2022,CONFIRMED_25_75_RETEST_SPLIT,CONTROL_V2_FILLED_STOP,326,326,0,201,201,181,145,0,177,143,6,0.5552147239263804,128.41543963845712,-108.54553255294917,19.869907085507926,0.0609506352316194,0.0609506352316194,1.1830559638722606,11.708999803288451,993.4953542753963,0,0,1.0,180,180,0,0,-2.811431386654206,"{""SPLIT_CONTROL_STOP_NO_RETEST"":46,""SPLIT_CONTROL_TARGET_NO_RETEST"":74,""SPLIT_CONTROL_TIME_EXIT_NO_RETEST"":5,""SPLIT_STOP_STOP"":97,""SPLIT_TARGET_TARGET"":103,""SPLIT_TIME_EXIT_TIME_EXIT"":1}"
combined_january_to_may_2022,CONFIRMED_25_75_RETEST_SPLIT,M5_LATEST_CONFIRMED_OPPOSING_SWING_ELSE_CONTROL,326,326,0,201,201,123,203,0,121,202,3,0.3773006134969325,147.45901150167535,-155.51069041772044,-8.051678916045148,-0.024698401582960577,-0.024698401582960577,0.948224273878424,28.775430462976697,-402.5839458022574,310,16,0.49943389045956676,180,123,57,0,-30.73301738820728,"{""SPLIT_CONTROL_STOP_NO_RETEST"":62,""SPLIT_CONTROL_TARGET_NO_RETEST"":60,""SPLIT_CONTROL_TIME_EXIT_NO_RETEST"":3,""SPLIT_STOP_STOP"":140,""SPLIT_TARGET_TARGET"":61}"
combined_january_to_may_2022,CONFIRMED_25_75_RETEST_SPLIT,M15_LATEST_CONFIRMED_OPPOSING_SWING_ELSE_CONTROL,326,326,0,200,200,159,167,0,156,166,4,0.48773006134969327,144.40351499058204,-125.5048412083656,18.898673782216488,0.057971391969989225,0.057971391969989225,1.1505812333632652,14.594576044853044,944.9336891108244,253,73,0.7769459252718278,180,159,21,0,-3.782664689945644,"{""SPLIT_CONTROL_STOP_NO_RETEST"":54,""SPLIT_CONTROL_TARGET_NO_RETEST"":68,""SPLIT_CONTROL_TIME_EXIT_NO_RETEST"":4,""SPLIT_STOP_STOP"":112,""SPLIT_TARGET_TARGET"":88}"
combined_january_to_may_2022,CONFIRMED_25_75_RETEST_SPLIT,H1_SOURCE_SWING_BUFFERED_ELSE_CONTROL,326,326,0,201,201,179,147,0,175,145,6,0.549079754601227,131.29160309516445,-109.79553255294917,21.496070542215268,0.06593886669391187,0.06593886669391187,1.1957827430897405,15.203663879894362,1074.8035271107633,37,289,1.0,180,178,2,0,-1.185267929946864,"{""SPLIT_CONTROL_STOP_NO_RETEST"":47,""SPLIT_CONTROL_TARGET_NO_RETEST"":73,""SPLIT_CONTROL_TIME_EXIT_NO_RETEST"":5,""SPLIT_STOP_STOP"":98,""SPLIT_TARGET_TARGET"":102,""SPLIT_TIME_EXIT_TIME_EXIT"":1}"
